{"features":[{"geometry":{"coordinates":[[[22.37064,43.3],[22.34468,43.40493],[22.353,43.4461],[22.3792,43.46779],[22.43408,43.48782],[22.45532,43.52737],[22.49001,43.55661],[22.49363,43.58301],[22.48955,43.61038],[22.47891,43.62129],[22.48955,43.63819],[22.47894,43.65485],[22.45023,43.66226],[22.40665,43.69642],[22.3933,43.7297],[22.39991,43.75764],[22.37614,43.77495],[22.35652,43.80995],[22.37846,43.84653],[22.39303,43.90798],[22.38644,43.92507],[22.39641,43.93343],[22.3717,43.95275],[22.37112,44.00646],[22.39258,44.0182],[22.40767,44.04795],[22.46195,44.07958],[22.46059,44.10178],[22.47527,44.09614],[22.48511,44.08151],[22.51253,44.07334],[22.53162,44.08055],[22.5402,44.07182],[22.55818,44.07438],[22.57502,44.09432],[22.5665,44.10879],[22.57117,44.12258],[22.6009,44.12942],[22.59712,44.14139],[22.60547,44.15376],[22.62618,44.14543],[22.6276,44.15675],[22.61337,44.16427],[22.61626,44.17062],[22.6332,44.17425],[22.62744,44.18359],[22.63676,44.18339],[22.64395,44.2074],[22.65259,44.2044],[22.66289,44.21366],[22.6691,44.20617],[22.67267,44.21531],[22.69249,44.20325],[22.74468,44.19765],[22.80656,44.15534],[22.86669,44.13334],[22.9195,44.10359],[23.02446,44.09012],[23.03944,44.08051],[23.04666,44.06135],[23.04187,44.04758],[23.00963,44.00954],[22.92997,44.0006],[22.88144,43.97708],[22.84263,43.88997],[22.84397,43.86294],[22.86792,43.8359],[22.9689,43.80852],[23.06484,43.7932],[23.14362,43.80499],[23.27192,43.84381],[23.42627,43.84826],[23.50412,43.83494],[23.55941,43.80154],[23.61328,43.78848],[23.69805,43.80192],[23.74637,43.7982],[23.7648,43.78221],[23.86215,43.75243],[23.97254,43.7419],[24.05786,43.71744],[24.08875,43.69865],[24.1729,43.68002],[24.34064,43.69461],[24.37675,43.70966],[24.40466,43.73358],[24.50956,43.76081],[24.62775,43.73974],[24.68911,43.69699],[24.7354,43.68149],[24.80551,43.70777],[24.88569,43.70357],[24.93842,43.72464],[24.99483,43.72584],[25.05646,43.68954],[25.1076,43.68181],[25.18388,43.6963],[25.25768,43.67924],[25.34463,43.62532],[25.3821,43.61664],[25.43184,43.62248],[25.48261,43.64069],[25.55763,43.64157],[25.65926,43.68656],[25.73059,43.68784],[25.78235,43.70868],[25.81071,43.74481],[25.86044,43.76303],[25.87828,43.77761],[25.9483,43.85738],[26.04598,43.89981],[26.09829,43.9601],[26.14464,43.98361],[26.19279,43.98261],[26.30588,44.02526],[26.37656,44.03988],[26.41316,44.03196],[26.45374,44.0408],[26.52648,44.04046],[26.78248,44.07642],[26.82187,44.08533],[26.85409,44.11773],[26.9157,44.11997],[26.94142,44.14472],[27.0356,44.15109],[27.07291,44.13699],[27.11233,44.14968],[27.14377,44.14237],[27.19151,44.11091],[27.25974,44.12054],[27.28729,44.11385],[27.28041,44.07717],[27.38215,44.05374],[27.39944,44.01673],[27.54903,44.00711],[27.56812,44.01153],[27.60586,44.0428],[27.62735,44.02249],[27.63327,43.99228],[27.66242,43.96282],[27.88339,44.00714],[27.91498,43.94212],[27.9484,43.90983],[27.99292,43.89401],[28.00277,43.88346],[27.99004,43.87797],[27.98685,43.86102],[28.02053,43.85688],[28.04625,43.84151],[28.28159,43.77706],[28.35022,43.7878],[28.4029,43.74977],[28.57451,43.74998],[28.57769,43.72498],[28.55999,43.67559],[28.58297,43.63809],[28.5731,43.63311],[28.56978,43.5937],[28.61149,43.54094],[28.59293,43.49658],[28.56191,43.46238],[28.55921,43.44726],[28.4887,43.39998],[28.46992,43.38104],[28.46778,43.35605],[28.45418,43.38204],[28.43024,43.38262],[28.3835,43.406],[28.31772,43.41728],[28.20541,43.39907],[28.15943,43.4056],[28.09285,43.37591],[28.04921,43.3],[22.37064,43.3]]],"type":"Polygon"},"id":"1942-12-024","properties":{"Foreign_Po":"Axis","Govt_in_Ex":"","Head_of_St":"King Boris III","Name":"Bulgaria","editorialFlagIds":["HA-CAUTION-HEAD-OF-STATE"],"foreignPowerCategory":"axis","snapshotDate":"1942-12-31","sourceFeatureIndex":24,"yearMonth":"1942-12"},"type":"Feature"},{"geometry":{"coordinates":[[[[19.0013,45.53058],[19.02113,45.5194],[19.09011,45.53145],[19.11814,45.50531],[19.10924,45.47858],[19.07889,45.47648],[19.03208,45.48906],[19.02656,45.481],[19.02341,45.45567],[19.0434,45.42265],[19.03526,45.36929],[19.04667,45.34934],[19.09903,45.33814],[19.1231,45.30568],[19.16351,45.27367],[19.19022,45.26373],[19.23618,45.27769],[19.2714,45.26982],[19.27973,45.26338],[19.26611,45.23328],[19.27392,45.22404],[19.3143,45.22233],[19.33278,45.21213],[19.35283,45.21793],[19.37611,45.20444],[19.39634,45.21116],[19.43369,45.20778],[19.50072,45.22541],[19.56714,45.18893],[19.5864,45.19761],[19.60818,45.19085],[19.67552,45.20265],[19.72173,45.18884],[19.73729,45.20638],[19.821,45.20421],[19.849,45.23671],[19.87705,45.2483],[19.88456,45.25899],[19.91069,45.25366],[19.9119,45.26684],[19.921,45.27168],[19.93895,45.26616],[19.9461,45.25408],[19.94093,45.21371],[19.95147,45.2051],[19.97527,45.20187],[20.00098,45.22221],[20.01757,45.21681],[20.01574,45.20748],[20.06159,45.2059],[20.06259,45.19725],[20.03678,45.19024],[20.03366,45.17438],[20.05111,45.1803],[20.0584,45.16914],[20.09656,45.17684],[20.1301,45.16122],[20.16978,45.1697],[20.18902,45.15735],[20.21026,45.16858],[20.24183,45.16357],[20.2845,45.11274],[20.34737,45.08175],[20.35364,45.0659],[20.35081,45.05192],[20.32751,45.03046],[20.28586,45.00512],[20.28783,44.96782],[20.31157,44.91787],[20.33502,44.92029],[20.33466,44.89843],[20.35737,44.8638],[20.40762,44.83875],[20.43573,44.81115],[20.43365,44.80089],[20.40609,44.7913],[20.39666,44.77797],[20.35478,44.77743],[20.30691,44.75368],[20.29964,44.70396],[20.28646,44.70528],[20.28165,44.66101],[20.26114,44.65925],[20.25401,44.65045],[20.23896,44.64909],[20.23365,44.66295],[20.24481,44.71229],[20.21185,44.70891],[20.20332,44.67263],[20.14268,44.67864],[20.15203,44.69199],[20.16672,44.69149],[20.16553,44.70589],[20.15491,44.72026],[20.12156,44.72164],[20.08168,44.71034],[19.96271,44.63059],[19.90323,44.63539],[19.9052,44.6666],[19.96616,44.66927],[19.97764,44.69384],[19.97326,44.69903],[19.88899,44.70812],[19.86474,44.72186],[19.82302,44.72871],[19.81363,44.74292],[19.7459,44.74745],[19.72318,44.76957],[19.72285,44.82475],[19.73927,44.84031],[19.72797,44.85183],[19.73063,44.86584],[19.756,44.89292],[19.76052,44.9096],[19.6976,44.91933],[19.65205,44.95686],[19.62401,44.95852],[19.59,44.97878],[19.51848,44.98634],[19.49764,44.9759],[19.46162,44.97825],[19.43688,44.95391],[19.41274,44.96941],[19.38965,44.96866],[19.38233,44.96552],[19.40545,44.94443],[19.40155,44.93053],[19.33038,44.93223],[19.32238,44.92535],[19.37088,44.90292],[19.38432,44.8732],[19.38398,44.84187],[19.34478,44.81883],[19.33772,44.75771],[19.32382,44.75517],[19.30757,44.70247],[19.29155,44.70297],[19.31852,44.67392],[19.29422,44.66567],[19.29349,44.64672],[19.26923,44.64606],[19.27017,44.62887],[19.24803,44.61756],[19.23969,44.5784],[19.22302,44.56754],[19.22265,44.55047],[19.193,44.54933],[19.17818,44.55635],[19.17173,44.53507],[19.13798,44.53333],[19.12184,44.51766],[19.11492,44.50117],[19.12494,44.46701],[19.10176,44.36546],[19.15213,44.341],[19.21036,44.33861],[19.21292,44.30795],[19.23632,44.28967],[19.2498,44.30557],[19.25386,44.29093],[19.26368,44.28624],[19.27809,44.28492],[19.28515,44.28714],[19.28272,44.29592],[19.29878,44.29636],[19.30065,44.26955],[19.33659,44.24724],[19.35659,44.21781],[19.35538,44.20365],[19.37007,44.19659],[19.36747,44.16734],[19.40804,44.1417],[19.43194,44.149],[19.45382,44.14507],[19.45463,44.12025],[19.48683,44.10011],[19.49018,44.08933],[19.59458,44.07951],[19.58026,44.0304],[19.55327,44.02057],[19.54605,43.99554],[19.5388,44.00669],[19.49399,43.98615],[19.39615,43.97242],[19.38022,43.97961],[19.37153,43.96804],[19.34394,43.99153],[19.29658,44.00826],[19.27944,44.00126],[19.28084,43.97924],[19.29154,43.96493],[19.31479,43.95423],[19.3156,43.91417],[19.43999,43.79692],[19.42397,43.75174],[19.46404,43.68129],[19.46428,43.66793],[19.36794,43.67409],[19.3339,43.66772],[19.31487,43.64948],[19.31227,43.60494],[19.29573,43.59314],[19.25446,43.58266],[19.16245,43.59014],[19.15936,43.57232],[19.18311,43.55777],[19.17888,43.541],[19.15286,43.52719],[19.14074,43.53305],[19.13476,43.51359],[19.11941,43.50832],[19.0637,43.51242],[19.05109,43.52308],[19.05755,43.53012],[19.05334,43.53621],[19.02633,43.55484],[19.00954,43.54872],[19.0,43.5572],[19.0013,45.53058]]],[[[19.00423,43.44823],[19.05699,43.4349],[19.05927,43.40993],[19.12307,43.34695],[19.12403,43.33733],[19.10617,43.33229],[19.11632,43.3],[19.0,43.3],[19.00423,43.44823]]]],"type":"MultiPolygon"},"id":"1942-12-035","properties":{"Foreign_Po":"Axis, German, Italian-occupied","Govt_in_Ex":"King Peter II","Head_of_St":"Ante Pavelic (Poglavnik)","Name":"Croatia","editorialFlagIds":["HA-CAUTION-HEAD-OF-STATE"],"foreignPowerCategory":"multinational_axis_occupied","snapshotDate":"1942-12-31","sourceFeatureIndex":35,"yearMonth":"1942-12"},"type":"Feature"},{"geometry":{"coordinates":[[[22.38687,52.6],[22.40118,52.57389],[22.41593,52.57523],[22.41607,52.55914],[22.43337,52.55832],[22.46111,52.53848],[22.45277,52.49866],[22.46575,52.47747],[22.47993,52.47697],[22.48271,52.47006],[22.4727,52.44649],[22.52159,52.41215],[22.59083,52.40975],[22.60821,52.39849],[22.63639,52.40787],[22.65765,52.39904],[22.69448,52.39993],[22.69386,52.39243],[22.7112,52.38115],[22.72216,52.39136],[22.75953,52.37799],[22.89121,52.38778],[22.95103,52.35396],[22.96384,52.33839],[23.02749,52.33348],[23.03458,52.3043],[23.05666,52.30382],[23.08207,52.31435],[23.1123,52.28835],[23.13521,52.29061],[23.15101,52.27469],[23.15506,52.28278],[23.17266,52.27802],[23.18578,52.26902],[23.18382,52.25217],[23.1961,52.24041],[23.19834,52.24775],[23.20936,52.2475],[23.2074,52.24108],[23.2286,52.22739],[23.26682,52.22795],[23.28033,52.2151],[23.33251,52.21979],[23.34639,52.2031],[23.37471,52.20755],[23.38954,52.18885],[23.40651,52.18223],[23.43586,52.19509],[23.45963,52.18487],[23.47463,52.19742],[23.49333,52.18111],[23.49585,52.16376],[23.5082,52.15764],[23.50669,52.14263],[23.53539,52.12804],[23.54248,52.11017],[23.55738,52.12747],[23.6005,52.12357],[23.63591,52.09017],[23.68299,52.08389],[23.69442,52.075],[23.67416,52.06591],[23.6707,52.05492],[23.68724,52.03217],[23.68024,51.97982],[23.66897,51.96402],[23.64008,51.94737],[23.64442,51.926],[23.61813,51.90242],[23.63884,51.88299],[23.63778,51.87457],[23.61544,51.86856],[23.62397,51.85051],[23.61283,51.82995],[23.63872,51.80708],[23.63553,51.76664],[23.62755,51.75616],[23.59902,51.76035],[23.54206,51.7336],[23.53402,51.71269],[23.5363,51.70484],[23.56196,51.70668],[23.54512,51.68771],[23.5667,51.66629],[23.53806,51.63443],[23.55366,51.62412],[23.54773,51.5745],[23.57171,51.53571],[23.62186,51.51101],[23.61525,51.49468],[23.62615,51.47445],[23.66443,51.48715],[23.67384,51.48227],[23.67482,51.46032],[23.65493,51.44647],[23.65547,51.43312],[23.67984,51.43127],[23.6748,51.41001],[23.70253,51.40397],[23.71086,51.39066],[23.6464,51.30316],[23.66681,51.28372],[23.71539,51.28],[23.73848,51.25928],[23.73558,51.23493],[23.75286,51.20063],[23.78851,51.19553],[23.81658,51.1761],[23.81971,51.16624],[23.83922,51.1592],[23.85618,51.16386],[23.87937,51.14879],[23.89611,51.12307],[23.8848,51.09685],[23.88883,51.08497],[23.9383,51.06013],[23.9352,51.04529],[23.95176,51.02907],[23.95689,50.99615],[23.97447,50.99311],[24.00507,50.96761],[23.99917,50.9341],[24.00876,50.92535],[24.08725,50.88078],[24.1476,50.86685],[24.17382,50.84752],[24.16207,50.82992],[24.1112,50.81514],[24.08515,50.81067],[24.0264,50.81962],[23.99725,50.8003],[23.98118,50.77845],[23.98277,50.76876],[24.0418,50.75598],[24.03604,50.73766],[24.04349,50.73201],[24.04284,50.70546],[24.10589,50.69596],[24.09724,50.66848],[24.12874,50.64184],[24.11677,50.62332],[24.19908,50.62664],[24.21669,50.59024],[24.23911,50.58845],[24.25006,50.5795],[24.24424,50.56118],[24.32031,50.54994],[24.34009,50.53037],[24.34163,50.50639],[24.30074,50.49811],[24.30255,50.48456],[24.29406,50.47228],[24.31442,50.44979],[24.28864,50.42632],[24.31247,50.41481],[24.28842,50.40636],[24.28638,50.39995],[24.30257,50.38843],[24.28087,50.38254],[24.27833,50.35526],[24.26924,50.35542],[24.30102,50.3258],[24.3673,50.31379],[24.43706,50.31272],[24.48338,50.32883],[24.63695,50.31331],[24.72295,50.23567],[24.75914,50.22057],[24.81043,50.1587],[24.82766,50.12311],[24.88095,50.10956],[24.89363,50.09266],[25.0288,50.07888],[25.11568,50.05699],[25.18228,50.02911],[25.2004,49.99712],[25.18756,49.95873],[25.20252,49.91283],[25.3027,49.81448],[25.41147,49.77405],[25.47605,49.77295],[25.49081,49.78528],[25.55994,49.77969],[25.62476,49.73067],[25.65542,49.71881],[25.77666,49.69824],[25.81106,49.69729],[25.8585,49.71652],[25.97214,49.6786],[26.05579,49.71468],[26.14807,49.69778],[26.18782,49.67776],[26.24222,49.68628],[26.25424,49.66061],[26.2415,49.63753],[26.24837,49.60589],[26.23231,49.58616],[26.20694,49.58691],[26.17144,49.56325],[26.1556,49.54827],[26.15423,49.51877],[26.17172,49.50861],[26.18037,49.47768],[26.19863,49.46548],[26.19867,49.43578],[26.22466,49.41576],[26.22332,49.36517],[26.24756,49.35306],[26.20275,49.26847],[26.21357,49.20558],[26.23254,49.19997],[26.21232,49.17221],[26.21855,49.0793],[26.23189,49.06203],[26.23103,49.04682],[26.20811,49.03671],[26.18162,49.03767],[26.17007,49.02592],[26.1694,49.01547],[26.19727,49.00569],[26.19925,48.99007],[26.174,48.97743],[26.18198,48.96189],[26.2029,48.9579],[26.19831,48.91063],[26.2272,48.89973],[26.21396,48.85754],[26.22427,48.84454],[26.25453,48.83342],[26.25585,48.81596],[26.21515,48.80559],[26.20516,48.78115],[26.23648,48.76892],[26.23758,48.73807],[26.27153,48.69953],[26.26553,48.66108],[26.27873,48.6438],[26.32086,48.62897],[26.3421,48.57979],[26.36259,48.56237],[26.38505,48.58016],[26.43865,48.53094],[26.3738,48.51848],[26.36265,48.50765],[26.30746,48.51005],[26.27611,48.53865],[26.21144,48.52224],[26.17229,48.52413],[26.15252,48.53948],[26.13799,48.59147],[26.10742,48.61413],[26.09129,48.5973],[26.11433,48.56135],[26.11287,48.53567],[26.08324,48.54381],[26.04721,48.57205],[26.0527,48.60097],[26.04459,48.62899],[26.02865,48.6428],[26.01613,48.60626],[25.96222,48.60828],[25.92944,48.58136],[25.90556,48.57617],[25.87991,48.58751],[25.84244,48.58137],[25.85108,48.61559],[25.79492,48.65903],[25.75864,48.65652],[25.74118,48.61781],[25.69264,48.65341],[25.63663,48.65365],[25.58083,48.61458],[25.59573,48.37597],[25.51263,48.39533],[25.46955,48.3937],[25.43179,48.37697],[25.41276,48.38154],[25.39535,48.36865],[25.36581,48.36798],[25.35381,48.35816],[25.3129,48.34948],[25.28996,48.32395],[25.2645,48.31312],[25.26226,48.29716],[25.24411,48.28628],[25.22117,48.25596],[25.20445,48.24487],[25.17381,48.24048],[25.13269,48.20787],[25.14736,48.17619],[25.1287,48.16345],[25.09871,48.16087],[25.10248,48.14983],[25.07692,48.14281],[25.09047,48.13043],[25.0808,48.11837],[25.06369,48.11497],[25.05845,48.09847],[25.00228,48.10041],[25.00811,48.07284],[24.95238,48.03453],[24.96286,48.02162],[24.92258,48.01372],[24.94421,47.9993],[24.93623,47.98316],[24.94674,47.9473],[24.96436,47.95254],[24.98607,47.9247],[24.97119,47.9143],[24.98365,47.90781],[24.96705,47.89191],[24.99466,47.84602],[25.03012,47.85742],[25.00895,47.83162],[25.02475,47.80361],[24.96986,47.7901],[24.95125,47.76299],[24.96645,47.75612],[24.96247,47.74805],[24.92563,47.72727],[24.88398,47.72339],[24.87702,47.75209],[24.83505,47.77981],[24.83626,47.79303],[24.82136,47.80558],[24.82702,47.81916],[24.78369,47.82407],[24.77877,47.83621],[24.76655,47.83882],[24.75203,47.82931],[24.73598,47.84294],[24.70621,47.84026],[24.70516,47.85092],[24.67156,47.86404],[24.66661,47.87617],[24.67393,47.89527],[24.65231,47.91919],[24.63756,47.92307],[24.62819,47.94917],[24.60225,47.94499],[24.58113,47.96596],[24.60832,48.01203],[24.62675,48.01531],[24.64804,48.03254],[24.6197,48.07263],[24.55438,48.10613],[24.54937,48.11826],[24.52645,48.12415],[24.49486,48.1541],[24.52377,48.20569],[24.46269,48.2395],[24.46522,48.26208],[24.42959,48.27916],[24.40795,48.30871],[24.34948,48.33731],[24.35562,48.35751],[24.33337,48.37567],[24.29003,48.387],[24.28162,48.37854],[24.2929,48.36754],[24.28731,48.35872],[24.26764,48.35649],[24.26154,48.33628],[24.2376,48.34891],[24.21852,48.34373],[24.20159,48.35544],[24.18505,48.34898],[24.17782,48.38329],[24.16485,48.38876],[24.15755,48.43262],[24.14205,48.4346],[24.13908,48.45882],[24.14628,48.47793],[24.1276,48.48889],[24.14321,48.51647],[24.12115,48.52595],[24.10964,48.51692],[24.01622,48.49347],[24.00106,48.4868],[23.97387,48.44447],[23.92805,48.46262],[23.93442,48.52377],[23.94579,48.54236],[23.90916,48.5622],[23.88182,48.55894],[23.84455,48.58169],[23.8302,48.57776],[23.80057,48.61668],[23.81379,48.62171],[23.7906,48.64268],[23.70494,48.64086],[23.66157,48.69856],[23.62779,48.70364],[23.62133,48.7168],[23.59942,48.72233],[23.55754,48.7198],[23.52497,48.73422],[23.48994,48.71466],[23.42994,48.72569],[23.3977,48.73622],[23.37547,48.76647],[23.33754,48.75198],[23.2991,48.78224],[23.27345,48.76436],[23.256,48.77023],[23.211,48.76699],[23.19486,48.80883],[23.18308,48.81402],[23.18115,48.83327],[23.11015,48.86346],[23.02664,48.84372],[23.00741,48.82219],[22.97799,48.86457],[22.92318,48.8899],[22.88696,48.91876],[22.87843,48.93589],[22.88484,48.94845],[22.90672,48.95829],[22.93556,48.95593],[22.92498,48.9923],[22.88033,49.00692],[22.84825,49.00298],[22.83405,49.02645],[22.81612,49.02564],[22.77207,49.05343],[22.7559,49.04292],[22.72017,49.05266],[22.70029,49.05015],[22.68413,49.03963],[22.65606,49.05038],[22.63339,49.0757],[22.60129,49.09353],[22.58458,49.09729],[22.56675,49.08599],[22.53738,49.09211],[22.49662,49.08334],[22.4556,49.10116],[22.4235,49.09711],[22.39011,49.11596],[22.36657,49.14415],[22.33255,49.14407],[22.31957,49.13411],[22.30496,49.13475],[22.22356,49.15117],[22.23511,49.16699],[22.22125,49.18176],[22.18767,49.17211],[22.14238,49.1912],[22.14287,49.19873],[22.06011,49.21042],[22.02962,49.22409],[22.04015,49.2533],[22.02885,49.26113],[22.03268,49.27589],[21.98191,49.30874],[21.96064,49.34698],[21.90192,49.34936],[21.88307,49.36838],[21.85611,49.36741],[21.83939,49.38904],[21.80163,49.38066],[21.78631,49.36709],[21.78759,49.35465],[21.77869,49.35462],[21.76634,49.36442],[21.7631,49.38086],[21.72686,49.39596],[21.72145,49.40978],[21.66022,49.41417],[21.63076,49.44464],[21.58581,49.43123],[21.56258,49.43927],[21.55014,49.43107],[21.52842,49.43327],[21.51513,49.41569],[21.48824,49.42692],[21.47277,49.41239],[21.43665,49.41035],[21.39608,49.43239],[21.372,49.43102],[21.34207,49.44819],[21.30593,49.4461],[21.2763,49.4585],[21.26648,49.45474],[21.26568,49.44536],[21.23355,49.43529],[21.22339,49.42399],[21.22573,49.41525],[21.20766,49.4019],[21.17925,49.40091],[21.15106,49.42542],[21.12508,49.43458],[21.11183,49.42264],[21.09677,49.42789],[21.05332,49.41982],[21.04642,49.41576],[21.0537,49.40276],[21.10343,49.37523],[21.09332,49.36392],[21.04133,49.3633],[21.01045,49.34549],[21.00782,49.3344],[20.98849,49.32776],[20.99222,49.31227],[20.98469,49.30544],[20.963,49.30753],[20.92604,49.29502],[20.90248,49.3143],[20.90277,49.32183],[20.87253,49.31906],[20.88157,49.33237],[20.86658,49.3442],[20.85356,49.34544],[20.83729,49.33282],[20.81072,49.34574],[20.79516,49.34249],[20.79694,49.3565],[20.80976,49.35434],[20.78144,49.35986],[20.78279,49.37202],[20.75897,49.37144],[20.75966,49.38082],[20.74544,49.38972],[20.75504,49.39921],[20.74076,49.4015],[20.74435,49.41061],[20.7363,49.41421],[20.69134,49.41843],[20.65122,49.39857],[20.61359,49.4153],[20.61165,49.40037],[20.59791,49.38559],[20.57466,49.37453],[20.5103,49.39087],[20.50224,49.40106],[20.46662,49.41378],[20.42807,49.41353],[20.43261,49.39423],[20.41542,49.40336],[20.4065,49.39001],[20.38495,49.38631],[20.37293,49.40534],[20.3576,49.39635],[20.31406,49.41352],[20.24925,49.46184],[20.16122,49.47253],[20.14296,49.47038],[20.13617,49.45966],[20.1483,49.44065],[20.14821,49.37931],[20.1678,49.35397],[20.17207,49.32622],[20.16671,49.32197],[20.17358,49.31286],[20.16121,49.30359],[20.14646,49.31717],[20.13454,49.30313],[20.12849,49.27535],[20.10075,49.24951],[20.09589,49.23389],[20.10195,49.22108],[20.08678,49.20544],[20.08675,49.17807],[20.01954,49.20101],[20.00687,49.21062],[20.00847,49.21803],[19.98153,49.22984],[19.90184,49.22926],[19.90099,49.21141],[19.86775,49.19354],[19.80637,49.20263],[19.78167,49.19722],[19.75884,49.20767],[19.76572,49.23349],[19.78272,49.24429],[19.79154,49.26523],[19.81994,49.2741],[19.80917,49.29296],[19.79237,49.29723],[19.80343,49.32175],[19.79323,49.34338],[19.80188,49.36339],[19.79136,49.37655],[19.7781,49.43994],[19.79848,49.50138],[19.83242,49.52865],[19.82856,49.53841],[19.73047,49.53736],[19.7161,49.55367],[19.64694,49.54914],[19.62555,49.56037],[19.58862,49.604],[19.57034,49.60176],[19.56555,49.57859],[19.52223,49.56995],[19.4793,49.58482],[19.46769,49.59332],[19.47378,49.6013],[19.46673,49.61036],[19.44427,49.60938],[19.44143,49.59548],[19.43046,49.59262],[19.41859,49.59265],[19.41286,49.6082],[19.40703,49.66709],[19.50495,49.70238],[19.5122,49.71591],[19.54884,49.72041],[19.55661,49.72919],[19.55652,49.75747],[19.53897,49.7806],[19.54288,49.80666],[19.53709,49.81468],[19.46786,49.82604],[19.46154,49.83881],[19.47,49.8871],[19.4711,49.97933],[19.49527,49.98771],[19.5168,50.04811],[19.54996,50.08495],[19.51785,50.1036],[19.52844,50.11121],[19.52699,50.15465],[19.55425,50.18444],[19.56148,50.20457],[19.57079,50.32059],[19.56264,50.33915],[19.57196,50.36193],[19.56282,50.37586],[19.49288,50.40229],[19.47812,50.50517],[19.41653,50.5365],[19.41903,50.54853],[19.39765,50.58414],[19.35421,50.58667],[19.32163,50.59773],[19.28728,50.63715],[19.24398,50.64057],[19.15204,50.7409],[19.15132,50.77482],[19.07117,50.77726],[19.05786,50.79427],[19.02865,50.78523],[19.00068,50.81276],[19.00361,50.84263],[19.0662,50.89614],[19.09134,50.98261],[19.09359,51.00124],[19.0838,51.01328],[19.15897,51.06674],[19.17508,51.12286],[19.29443,51.18789],[19.34994,51.2475],[19.36575,51.32997],[19.38902,51.38175],[19.40558,51.44535],[19.42845,51.48023],[19.46142,51.51149],[19.54591,51.56593],[19.55421,51.57562],[19.54866,51.59299],[19.63027,51.6401],[19.6506,51.64787],[19.66211,51.6366],[19.7209,51.66385],[19.71817,51.70076],[19.73052,51.74963],[19.7732,51.78758],[19.77886,51.82005],[19.74593,51.8754],[19.70135,51.88558],[19.63016,51.88845],[19.61304,51.90298],[19.60684,51.93169],[19.56832,51.94133],[19.50191,51.99546],[19.4991,52.02577],[19.5445,52.04007],[19.54498,52.04944],[19.54124,52.06102],[19.46881,52.08831],[19.48609,52.12458],[19.49992,52.1376],[19.5954,52.12916],[19.60742,52.13385],[19.60873,52.14691],[19.63465,52.15051],[19.64841,52.1701],[19.66221,52.16148],[19.67003,52.16839],[19.66692,52.19685],[19.68442,52.20486],[19.68864,52.21676],[19.71224,52.21676],[19.70358,52.23438],[19.72451,52.23647],[19.71689,52.2446],[19.71864,52.25951],[19.83847,52.28094],[19.84232,52.29098],[19.85182,52.29115],[19.88683,52.32031],[19.94554,52.30801],[20.16153,52.29396],[20.17725,52.287],[20.2538,52.3173],[20.28629,52.32116],[20.31769,52.3138],[20.32806,52.33081],[20.40942,52.32766],[20.49458,52.34014],[20.56455,52.36142],[20.61541,52.35606],[20.69604,52.40085],[20.7564,52.38895],[20.79595,52.42692],[20.81114,52.46234],[20.835,52.4753],[20.88317,52.47763],[20.971,52.44244],[20.99063,52.45104],[21.01276,52.49431],[21.12241,52.49476],[21.1533,52.52213],[21.18745,52.53127],[21.19893,52.55097],[21.19895,52.6],[22.38687,52.6]]],"type":"Polygon"},"id":"1942-12-031","properties":{"Foreign_Po":"German-occupied","Govt_in_Ex":"Ignacy Moscicki (President)","Head_of_St":"Hans Frank (Governor General)","Name":"General Government","editorialFlagIds":["HA-CAUTION-HEAD-OF-STATE"],"foreignPowerCategory":"german_occupied","snapshotDate":"1942-12-31","sourceFeatureIndex":31,"yearMonth":"1942-12"},"type":"Feature"},{"geometry":{"coordinates":[[[[19.02281,52.6],[21.19895,52.6],[21.20061,52.58194],[21.19893,52.55097],[21.18745,52.53127],[21.1533,52.52213],[21.12241,52.49476],[21.01276,52.49431],[20.99063,52.45104],[20.971,52.44244],[20.88317,52.47763],[20.835,52.4753],[20.81114,52.46234],[20.79595,52.42692],[20.7564,52.38895],[20.69604,52.40085],[20.61541,52.35606],[20.56455,52.36142],[20.49458,52.34014],[20.40942,52.32766],[20.32806,52.33081],[20.31769,52.3138],[20.28629,52.32116],[20.2538,52.3173],[20.17725,52.287],[20.16153,52.29396],[19.94554,52.30801],[19.88683,52.32031],[19.85182,52.29115],[19.84232,52.29098],[19.83847,52.28094],[19.71864,52.25951],[19.71689,52.2446],[19.72451,52.23647],[19.70358,52.23438],[19.71224,52.21676],[19.68864,52.21676],[19.68442,52.20486],[19.66692,52.19685],[19.67003,52.16839],[19.66221,52.16148],[19.64841,52.1701],[19.63465,52.15051],[19.60873,52.14691],[19.60742,52.13385],[19.5954,52.12916],[19.49992,52.1376],[19.48609,52.12458],[19.46881,52.08831],[19.54124,52.06102],[19.54498,52.04944],[19.5445,52.04007],[19.4991,52.02577],[19.50191,51.99546],[19.56832,51.94133],[19.60684,51.93169],[19.61304,51.90298],[19.63016,51.88845],[19.70135,51.88558],[19.74593,51.8754],[19.77886,51.82005],[19.7732,51.78758],[19.73052,51.74963],[19.71817,51.70076],[19.7209,51.66385],[19.66211,51.6366],[19.6506,51.64787],[19.63027,51.6401],[19.54866,51.59299],[19.55421,51.57562],[19.54591,51.56593],[19.46142,51.51149],[19.42845,51.48023],[19.40558,51.44535],[19.38902,51.38175],[19.36575,51.32997],[19.34994,51.2475],[19.29443,51.18789],[19.17508,51.12286],[19.15897,51.06674],[19.0838,51.01328],[19.09359,51.00124],[19.09134,50.98261],[19.0662,50.89614],[19.00361,50.84263],[19.00068,50.81276],[19.02865,50.78523],[19.05786,50.79427],[19.07117,50.77726],[19.15132,50.77482],[19.15204,50.7409],[19.24398,50.64057],[19.28728,50.63715],[19.32163,50.59773],[19.35421,50.58667],[19.39765,50.58414],[19.41903,50.54853],[19.41653,50.5365],[19.47812,50.50517],[19.49288,50.40229],[19.56282,50.37586],[19.57196,50.36193],[19.56264,50.33915],[19.57079,50.32059],[19.56148,50.20457],[19.55425,50.18444],[19.52699,50.15465],[19.52844,50.11121],[19.51785,50.1036],[19.54996,50.08495],[19.5168,50.04811],[19.49527,49.98771],[19.4711,49.97933],[19.47,49.8871],[19.46154,49.83881],[19.46786,49.82604],[19.53709,49.81468],[19.54288,49.80666],[19.53897,49.7806],[19.55652,49.75747],[19.55661,49.72919],[19.54884,49.72041],[19.5122,49.71591],[19.50495,49.70238],[19.40703,49.66709],[19.41859,49.59265],[19.39967,49.57253],[19.37008,49.56553],[19.36572,49.53668],[19.35914,49.53345],[19.26362,49.52991],[19.23258,49.50792],[19.23418,49.49366],[19.21864,49.46759],[19.22772,49.46121],[19.2246,49.45298],[19.19657,49.44582],[19.18527,49.43354],[19.19432,49.41208],[19.12124,49.40098],[19.07397,49.41605],[19.05271,49.41303],[19.04236,49.39784],[19.02511,49.39261],[19.0,49.39697],[19.0,52.4878],[19.02281,52.6]]],[[[24.71365,52.6],[24.7316,52.56813],[24.65254,52.53867],[24.35444,52.47627],[24.33354,52.47113],[24.32681,52.45576],[24.29914,52.45427],[24.21473,52.42617],[24.1702,52.42187],[24.11127,52.37363],[24.05981,52.36251],[23.99594,52.36704],[23.91561,52.33545],[23.83403,52.31441],[23.58046,52.28709],[23.45124,52.31097],[23.43201,52.32068],[23.45553,52.32472],[23.4626,52.33721],[23.42622,52.3583],[23.39472,52.3286],[23.36114,52.32282],[23.30538,52.33273],[23.28234,52.34568],[23.2777,52.33576],[23.20679,52.3378],[23.18791,52.33322],[23.17336,52.30637],[23.1123,52.28835],[23.08207,52.31435],[23.05666,52.30382],[23.03458,52.3043],[23.02749,52.33348],[22.96384,52.33839],[22.95103,52.35396],[22.89121,52.38778],[22.75953,52.37799],[22.72216,52.39136],[22.7112,52.38115],[22.69386,52.39243],[22.69448,52.39993],[22.65765,52.39904],[22.63639,52.40787],[22.60821,52.39849],[22.59083,52.40975],[22.52159,52.41215],[22.4727,52.44649],[22.48271,52.47006],[22.47993,52.47697],[22.46575,52.47747],[22.45277,52.49866],[22.46111,52.53848],[22.43337,52.55832],[22.41607,52.55914],[22.41593,52.57523],[22.40118,52.57389],[22.38687,52.6],[24.71365,52.6]]]],"type":"MultiPolygon"},"id":"1942-12-027","properties":{"Foreign_Po":"Axis","Govt_in_Ex":"","Head_of_St":"Adolf Hitler (Führer)","Name":"Germany","editorialFlagIds":["HA-CAUTION-HEAD-OF-STATE"],"foreignPowerCategory":"axis","snapshotDate":"1942-12-31","sourceFeatureIndex":27,"yearMonth":"1942-12"},"type":"Feature"},{"geometry":{"coordinates":[[[19.02656,48.19812],[19.05351,48.18838],[19.03016,48.16386],[19.07833,48.14483],[19.13002,48.15192],[19.15571,48.17339],[19.15483,48.18385],[19.18285,48.2023],[19.19419,48.20136],[19.19328,48.18917],[19.21864,48.20122],[19.22252,48.19146],[19.2422,48.19643],[19.24975,48.17598],[19.26673,48.16702],[19.29029,48.16977],[19.28246,48.15909],[19.32188,48.14729],[19.35585,48.14443],[19.3831,48.17329],[19.39758,48.1664],[19.45901,48.16402],[19.4609,48.18085],[19.43683,48.1829],[19.42405,48.2057],[19.44601,48.22933],[19.45268,48.21932],[19.47307,48.22042],[19.45953,48.21024],[19.47025,48.19894],[19.51072,48.22853],[19.53624,48.22635],[19.54432,48.23793],[19.53077,48.24948],[19.53664,48.27164],[19.56076,48.26957],[19.54622,48.29064],[19.55555,48.30117],[19.54711,48.30945],[19.5903,48.33029],[19.55855,48.37362],[19.58043,48.37457],[19.59592,48.35813],[19.6179,48.35246],[19.63597,48.36318],[19.67822,48.35763],[19.68892,48.37464],[19.76188,48.37772],[19.75668,48.38762],[19.80465,48.39569],[19.81307,48.38739],[19.8312,48.39808],[19.84484,48.39404],[19.85245,48.40281],[20.01579,48.40149],[20.02568,48.43462],[20.01577,48.45629],[20.03981,48.47397],[20.08025,48.47317],[20.10938,48.46014],[20.13885,48.49621],[20.14246,48.50628],[20.12858,48.51604],[20.14371,48.53924],[20.16283,48.54034],[20.16662,48.55795],[20.1878,48.55507],[20.21115,48.56901],[20.21959,48.60131],[20.21546,48.61587],[20.19192,48.64163],[20.1715,48.64821],[20.2204,48.65888],[20.23951,48.67982],[20.27952,48.67616],[20.29079,48.65433],[20.28965,48.61569],[20.34774,48.60183],[20.36363,48.61454],[20.36402,48.62963],[20.39705,48.6209],[20.40623,48.64273],[20.40236,48.65821],[20.43439,48.66469],[20.43234,48.65543],[20.44663,48.66071],[20.45031,48.67077],[20.47664,48.67776],[20.46462,48.68928],[20.46647,48.69762],[20.53569,48.70059],[20.5407,48.73605],[20.57127,48.76816],[20.64718,48.74207],[20.64268,48.70279],[20.68894,48.68799],[20.76572,48.66645],[20.82534,48.67206],[20.84159,48.68563],[20.88413,48.67393],[20.93415,48.69461],[20.93255,48.75059],[20.96989,48.77912],[21.02963,48.7657],[21.09624,48.76292],[21.10226,48.7822],[21.14085,48.77838],[21.15943,48.78884],[21.13389,48.81692],[21.16701,48.81458],[21.18516,48.81088],[21.22253,48.77119],[21.24187,48.76641],[21.24684,48.78106],[21.27773,48.78175],[21.30551,48.76949],[21.33396,48.72969],[21.37406,48.73226],[21.40959,48.72202],[21.44473,48.72223],[21.47387,48.70977],[21.4876,48.69416],[21.49803,48.69498],[21.4996,48.68345],[21.48909,48.67032],[21.44844,48.65933],[21.44732,48.63671],[21.46059,48.61925],[21.46808,48.59006],[21.4972,48.57191],[21.52563,48.56898],[21.5417,48.55121],[21.56705,48.54764],[21.59086,48.55559],[21.63048,48.52115],[21.67637,48.51825],[21.70339,48.53911],[21.75429,48.53282],[21.74784,48.54203],[21.75678,48.54867],[21.75006,48.56265],[21.75946,48.57114],[21.78773,48.55584],[21.80471,48.56542],[21.83359,48.56426],[21.82251,48.555],[21.82783,48.53547],[21.86921,48.53772],[21.88429,48.55129],[21.86628,48.60725],[21.87623,48.60619],[21.87832,48.61451],[21.92813,48.59782],[21.98375,48.61558],[22.00937,48.59575],[22.04014,48.60762],[22.08562,48.57425],[22.1306,48.57316],[22.11427,48.59486],[22.13393,48.59747],[22.13585,48.62762],[22.06949,48.6424],[22.06024,48.65762],[22.07067,48.66978],[22.09415,48.67578],[22.08585,48.68332],[22.06687,48.68347],[22.06354,48.699],[22.11719,48.73115],[22.1336,48.75499],[22.14553,48.80112],[22.17629,48.84616],[22.15708,48.89662],[22.20701,48.94717],[22.21112,48.96854],[22.18159,49.00208],[22.18856,49.02314],[22.20747,49.03911],[22.18436,49.0748],[22.19586,49.08494],[22.20094,49.10999],[22.18996,49.12445],[22.1924,49.14505],[22.20922,49.16409],[22.23035,49.17698],[22.23511,49.16699],[22.22356,49.15117],[22.30496,49.13475],[22.31957,49.13411],[22.33255,49.14407],[22.36657,49.14415],[22.40989,49.10145],[22.4556,49.10116],[22.49662,49.08334],[22.53738,49.09211],[22.56675,49.08599],[22.58888,49.09681],[22.62722,49.08019],[22.64111,49.0606],[22.68413,49.03963],[22.70029,49.05015],[22.72017,49.05266],[22.7559,49.04292],[22.77207,49.05343],[22.81612,49.02564],[22.83405,49.02645],[22.84825,49.00298],[22.88033,49.00692],[22.92498,48.9923],[22.93556,48.95593],[22.90672,48.95829],[22.88484,48.94845],[22.87843,48.93589],[22.88696,48.91876],[22.92318,48.8899],[22.97799,48.86457],[23.00741,48.82219],[23.02664,48.84372],[23.11015,48.86346],[23.18115,48.83327],[23.18308,48.81402],[23.19486,48.80883],[23.211,48.76699],[23.256,48.77023],[23.27345,48.76436],[23.2991,48.78224],[23.33754,48.75198],[23.37547,48.76647],[23.3977,48.73622],[23.42994,48.72569],[23.48994,48.71466],[23.52497,48.73422],[23.55754,48.7198],[23.62133,48.7168],[23.62779,48.70364],[23.66157,48.69856],[23.70494,48.64086],[23.7906,48.64268],[23.81379,48.62171],[23.80057,48.61668],[23.8302,48.57776],[23.84455,48.58169],[23.88182,48.55894],[23.90916,48.5622],[23.94579,48.54236],[23.93442,48.52377],[23.92805,48.46262],[23.97387,48.44447],[24.00106,48.4868],[24.10964,48.51692],[24.12115,48.52595],[24.14321,48.51647],[24.1276,48.48889],[24.14628,48.47793],[24.13908,48.45882],[24.14205,48.4346],[24.15755,48.43262],[24.16485,48.38876],[24.17782,48.38329],[24.18505,48.34898],[24.20159,48.35544],[24.21852,48.34373],[24.2376,48.34891],[24.26154,48.33628],[24.26764,48.35649],[24.28731,48.35872],[24.2929,48.36754],[24.28162,48.37854],[24.29003,48.387],[24.33337,48.37567],[24.35562,48.35751],[24.34948,48.33731],[24.40795,48.30871],[24.42959,48.27916],[24.46522,48.26208],[24.46269,48.2395],[24.52377,48.20569],[24.49486,48.1541],[24.52645,48.12415],[24.54937,48.11826],[24.55438,48.10613],[24.6197,48.07263],[24.64804,48.03254],[24.62675,48.01531],[24.60832,48.01203],[24.58113,47.96596],[24.60225,47.94499],[24.62819,47.94917],[24.63756,47.92307],[24.65231,47.91919],[24.67393,47.89527],[24.66661,47.87617],[24.67156,47.86404],[24.70516,47.85092],[24.70621,47.84026],[24.73598,47.84294],[24.75203,47.82931],[24.76655,47.83882],[24.77877,47.83621],[24.78369,47.82407],[24.82702,47.81916],[24.82136,47.80558],[24.83626,47.79303],[24.83505,47.77981],[24.87702,47.75209],[24.88398,47.72339],[24.92563,47.72727],[24.93739,47.73714],[24.96879,47.68977],[25.00537,47.66367],[25.05723,47.64502],[25.09479,47.59481],[25.08631,47.58163],[25.11559,47.53734],[25.1965,47.46089],[25.21111,47.38889],[25.19403,47.38938],[25.1365,47.33422],[25.12116,47.299],[25.13245,47.28017],[25.2003,47.24092],[25.22784,47.2102],[25.24846,47.21207],[25.3725,47.16566],[25.4188,47.16287],[25.47302,47.18482],[25.51929,47.15513],[25.55164,47.16676],[25.61103,47.138],[25.66899,47.13148],[25.72214,47.141],[25.72336,47.11394],[25.80781,47.066],[25.85235,47.00563],[25.90138,46.98971],[26.02423,46.91659],[26.07188,46.87962],[26.10229,46.851],[26.1677,46.75645],[26.24606,46.6887],[26.24589,46.65408],[26.21314,46.61097],[26.15406,46.56513],[26.16097,46.52173],[26.23111,46.46865],[26.26651,46.46032],[26.31863,46.4725],[26.32635,46.4405],[26.39737,46.40349],[26.3894,46.33729],[26.39383,46.31251],[26.44763,46.20775],[26.44764,46.17401],[26.49433,46.09047],[26.48984,46.03911],[26.49924,46.00001],[26.50123,45.93026],[26.48738,45.90544],[26.43021,45.85948],[26.4231,45.82105],[26.37663,45.78593],[26.35336,45.74908],[26.23649,45.7414],[26.19406,45.70945],[26.14105,45.71769],[26.11368,45.73639],[26.07212,45.7457],[25.83494,45.77914],[25.73054,45.8498],[25.71777,45.86231],[25.72125,45.87334],[25.68971,45.90598],[25.61746,45.91584],[25.61652,45.97946],[25.63507,45.99401],[25.62079,46.00191],[25.64365,46.01678],[25.64602,46.03758],[25.64362,46.06102],[25.61129,46.07834],[25.58624,46.07437],[25.56325,46.09028],[25.44884,46.10044],[25.39527,46.12176],[25.26318,46.22458],[25.10651,46.26251],[24.97093,46.35666],[24.91546,46.36834],[24.877,46.35265],[24.71651,46.41249],[24.64156,46.44875],[24.59694,46.44532],[24.53455,46.47209],[24.4805,46.54173],[24.43364,46.55481],[24.44447,46.58685],[24.42494,46.60674],[24.41978,46.62754],[24.4382,46.71887],[24.42976,46.75255],[24.43763,46.78403],[24.4556,46.79692],[24.46595,46.82232],[24.46159,46.85066],[24.27587,46.88899],[24.15254,46.89865],[23.97599,46.79182],[23.93451,46.75039],[23.77441,46.74343],[23.60055,46.71698],[23.48775,46.71695],[23.43331,46.73431],[23.40342,46.73329],[23.38973,46.75028],[23.24613,46.77197],[23.11629,46.81371],[23.02435,46.82873],[22.9637,46.83418],[22.88367,46.81427],[22.74983,46.8093],[22.72071,46.81657],[22.65626,46.85087],[22.48998,46.96747],[22.36221,47.00982],[22.26827,47.01865],[22.16257,46.99733],[22.13415,46.97961],[22.09177,46.9682],[21.93247,46.94602],[21.90299,46.93502],[21.87491,46.91816],[21.74512,46.80025],[21.68329,46.77087],[21.52659,46.73174],[21.52765,46.71832],[21.49161,46.68418],[21.47124,46.69301],[21.45014,46.68672],[21.43026,46.69169],[21.43481,46.67505],[21.45526,46.66051],[21.41929,46.64439],[21.40687,46.62101],[21.3655,46.63586],[21.31907,46.62273],[21.30164,46.58941],[21.31905,46.57997],[21.28987,46.54409],[21.27316,46.53826],[21.26018,46.49971],[21.27283,46.47557],[21.29485,46.47419],[21.31449,46.45025],[21.28747,46.41129],[21.29322,46.40593],[21.21752,46.41012],[21.19855,46.38171],[21.19718,46.34478],[21.1724,46.32743],[21.1701,46.31722],[21.1794,46.30293],[21.16822,46.2965],[21.14607,46.29693],[21.14345,46.30386],[21.11305,46.29849],[21.10047,46.26083],[21.06948,46.25266],[21.06157,46.24208],[21.03505,46.2477],[21.02226,46.26518],[20.99148,46.25792],[20.94939,46.26226],[20.94547,46.27597],[20.92292,46.27449],[20.91578,46.26097],[20.88848,46.26947],[20.87115,46.2855],[20.77547,46.2734],[20.75021,46.24651],[20.75902,46.20383],[20.72897,46.20592],[20.71299,46.16384],[20.68515,46.14386],[20.65573,46.14872],[20.63953,46.1247],[20.54421,46.17791],[20.49829,46.19006],[20.49514,46.16853],[20.4637,46.14411],[20.4356,46.14213],[20.39996,46.15702],[20.39298,46.15011],[20.38077,46.15795],[20.36644,46.14891],[20.35383,46.16818],[20.31218,46.14756],[20.3081,46.1546],[20.28797,46.14422],[20.25008,46.11467],[20.24733,46.12822],[20.23069,46.12129],[20.18,46.15748],[20.1384,46.14344],[20.11081,46.15746],[20.10452,46.17419],[20.08653,46.16736],[20.09475,46.15329],[20.08307,46.12974],[20.0492,46.12631],[20.06632,46.1152],[20.06803,46.08942],[20.09021,46.06928],[20.08852,46.0609],[20.05997,46.04939],[20.02671,46.04875],[20.02447,46.03757],[20.03783,46.00784],[20.05626,45.9966],[20.12192,46.00077],[20.13803,45.98499],[20.13382,45.9778],[20.09467,45.96826],[20.06571,45.96818],[20.06734,45.95569],[20.11957,45.93456],[20.11644,45.90543],[20.14663,45.8845],[20.13323,45.86585],[20.10646,45.86272],[20.09908,45.8397],[20.10594,45.8191],[20.14974,45.7978],[20.13905,45.77889],[20.13878,45.75708],[20.15446,45.73277],[20.14223,45.71971],[20.11016,45.7171],[20.10223,45.69127],[20.11169,45.68372],[20.11176,45.67041],[20.07718,45.67564],[20.07364,45.65794],[20.04486,45.65785],[20.04282,45.6476],[20.02734,45.63863],[20.02401,45.62186],[20.0411,45.61832],[20.05676,45.62822],[20.07019,45.62693],[20.07069,45.60884],[20.05772,45.59868],[20.07946,45.58425],[20.09683,45.59587],[20.13385,45.58945],[20.1391,45.57469],[20.12821,45.56815],[20.12165,45.54218],[20.13232,45.5136],[20.17076,45.47376],[20.24296,45.4325],[20.22718,45.34755],[20.23924,45.33306],[20.2726,45.33643],[20.27492,45.32099],[20.26351,45.31166],[20.2847,45.29531],[20.26645,45.27904],[20.30099,45.2414],[20.30638,45.20092],[20.30146,45.19],[20.29081,45.19106],[20.28425,45.14511],[20.30215,45.11955],[20.33635,45.09427],[20.32762,45.09133],[20.2845,45.11274],[20.26583,45.14122],[20.23441,45.16715],[20.21026,45.16858],[20.18902,45.15735],[20.16978,45.1697],[20.1301,45.16122],[20.09656,45.17684],[20.0584,45.16914],[20.05111,45.1803],[20.03366,45.17438],[20.03678,45.19024],[20.06259,45.19725],[20.06159,45.2059],[20.01574,45.20748],[20.01757,45.21681],[20.00898,45.22144],[19.97527,45.20187],[19.95147,45.2051],[19.94093,45.21371],[19.9461,45.25408],[19.93167,45.27066],[19.9119,45.26684],[19.91069,45.25366],[19.88456,45.25899],[19.83786,45.22827],[19.821,45.20421],[19.73729,45.20638],[19.72173,45.18884],[19.67552,45.20265],[19.60818,45.19085],[19.5864,45.19761],[19.56714,45.18893],[19.50072,45.22541],[19.43369,45.20778],[19.39634,45.21116],[19.37611,45.20444],[19.35283,45.21793],[19.33278,45.21213],[19.3143,45.22233],[19.27392,45.22404],[19.26611,45.23328],[19.27973,45.26338],[19.2714,45.26982],[19.23618,45.27769],[19.19022,45.26373],[19.16351,45.27367],[19.1231,45.30568],[19.09903,45.33814],[19.04667,45.34934],[19.03526,45.36929],[19.0434,45.42265],[19.02341,45.45567],[19.02656,45.481],[19.03208,45.48906],[19.07889,45.47648],[19.10924,45.47858],[19.11814,45.50531],[19.09011,45.53145],[19.02113,45.5194],[19.0,45.53148],[19.0,48.19576],[19.02656,48.19812]]],"type":"Polygon"},"id":"1942-12-025","properties":{"Foreign_Po":"Axis","Govt_in_Ex":"","Head_of_St":"Miklós Horthy (Regent)","Name":"Hungary","editorialFlagIds":["HA-CAUTION-HEAD-OF-STATE"],"foreignPowerCategory":"axis","snapshotDate":"1942-12-31","sourceFeatureIndex":25,"yearMonth":"1942-12"},"type":"Feature"},{"geometry":{"coordinates":[[[19.00176,43.55704],[19.00954,43.54872],[19.02633,43.55484],[19.05334,43.53621],[19.05755,43.53012],[19.05109,43.52308],[19.0637,43.51242],[19.11941,43.50832],[19.13476,43.51359],[19.14074,43.53305],[19.15286,43.52719],[19.17888,43.541],[19.18311,43.55777],[19.15936,43.57232],[19.16245,43.59014],[19.25446,43.58266],[19.29573,43.59314],[19.31227,43.60494],[19.31487,43.64948],[19.3339,43.66772],[19.36794,43.67409],[19.46428,43.66793],[19.4645,43.67649],[19.50802,43.66952],[19.56176,43.64632],[19.64652,43.59151],[19.6611,43.56342],[19.67255,43.57566],[19.69624,43.55431],[19.70451,43.57067],[19.73439,43.55443],[19.74471,43.53912],[19.80643,43.53883],[19.80528,43.52559],[19.82489,43.51794],[19.93513,43.50326],[19.95477,43.48891],[19.96462,43.49938],[19.99269,43.48799],[20.01077,43.50718],[20.1155,43.47757],[20.11209,43.45978],[20.07435,43.434],[20.11266,43.42154],[20.152,43.42138],[20.15451,43.39343],[20.1824,43.35431],[20.18541,43.33586],[20.17205,43.32768],[20.1831,43.317],[20.23937,43.3],[19.11632,43.3],[19.10617,43.33229],[19.12403,43.33733],[19.12307,43.34695],[19.05927,43.40993],[19.05699,43.4349],[19.0,43.4497],[19.00176,43.55704]]],"type":"Polygon"},"id":"1942-12-034","properties":{"Foreign_Po":"Italian Protectorate","Govt_in_Ex":"King Peter II","Head_of_St":"Benito Mussolini (Prime Minister)","Name":"Montenegro","editorialFlagIds":["HA-CAUTION-HEAD-OF-STATE"],"foreignPowerCategory":"italian_occupied","snapshotDate":"1942-12-31","sourceFeatureIndex":34,"yearMonth":"1942-12"},"type":"Feature"},{"geometry":{"coordinates":[[[31.30764,52.59947],[31.30267,52.58964],[31.34109,52.55849],[31.35267,52.51653],[31.3456,52.49929],[31.32681,52.48804],[31.27572,52.47767],[31.26389,52.4574],[31.29605,52.43027],[31.30147,52.41179],[31.29534,52.39634],[31.23447,52.38576],[31.19674,52.36912],[31.16228,52.32952],[31.07712,52.29597],[30.94628,52.28499],[30.78366,52.33187],[30.70184,52.30432],[30.68132,52.28555],[30.58909,52.24617],[30.55821,52.24277],[30.5062,52.26627],[30.38246,52.24866],[30.34558,52.25301],[30.32543,52.25839],[30.30135,52.29641],[30.27042,52.3065],[30.22043,52.30043],[30.14546,52.27239],[30.04078,52.24641],[29.97317,52.20933],[29.8262,52.21349],[29.74955,52.18072],[29.69115,52.13815],[29.63155,52.15957],[29.6163,52.17561],[29.58435,52.19052],[29.55429,52.19545],[29.49222,52.17273],[29.44385,52.17288],[29.38911,52.15183],[29.29755,52.07395],[29.27758,52.08684],[29.26742,52.07496],[29.24934,52.11361],[29.22715,52.12877],[29.10426,52.1784],[29.06592,52.18645],[29.0309,52.1766],[28.99334,52.13916],[28.94213,52.12896],[28.78486,52.15571],[28.73194,52.17461],[28.68973,52.20337],[28.67819,52.19168],[28.68888,52.17556],[28.68462,52.16948],[28.59174,52.17431],[28.50991,52.21587],[28.4593,52.22175],[28.34355,52.22219],[28.25001,52.20664],[28.20176,52.29381],[28.17167,52.2647],[28.14301,52.20845],[28.11499,52.19922],[27.59554,52.24478],[27.57738,52.2436],[27.54916,52.22565],[27.52672,52.19821],[27.41085,52.18149],[27.39038,52.18637],[27.31752,52.2602],[27.17049,52.2458],[27.11209,52.2522],[27.0914,52.26472],[27.089,52.29094],[27.06458,52.31835],[26.98155,52.33583],[26.82897,52.33997],[26.78694,52.35157],[26.75417,52.37048],[26.74262,52.39027],[26.65815,52.40864],[26.61941,52.39579],[26.65211,52.35589],[26.64716,52.33074],[26.62735,52.30859],[26.4816,52.27981],[26.38875,52.23796],[26.36897,52.24065],[26.31756,52.19791],[26.25762,52.18308],[26.14387,52.18215],[26.00341,52.25533],[25.98056,52.25836],[25.86405,52.2155],[25.83087,52.22082],[25.81084,52.23586],[25.83423,52.26906],[25.81336,52.27752],[25.72235,52.28654],[25.65566,52.27899],[25.6466,52.32881],[25.60755,52.37106],[25.52067,52.38318],[25.47409,52.37389],[25.28256,52.40678],[25.22618,52.51867],[25.23583,52.54128],[25.26329,52.55975],[25.27255,52.57669],[25.26569,52.58898],[25.21281,52.6],[31.30764,52.59947]]],"type":"Polygon"},"id":"1942-12-037","properties":{"Foreign_Po":"German-occupied","Govt_in_Ex":"","Head_of_St":"Hinrich Lohse (Reichskommissar)","Name":"Reichskommissariat Ostland","editorialFlagIds":["HA-CAUTION-HEAD-OF-STATE"],"foreignPowerCategory":"german_occupied","snapshotDate":"1942-12-31","sourceFeatureIndex":37,"yearMonth":"1942-12"},"type":"Feature"},{"geometry":{"coordinates":[[[[34.24808,46.06525],[34.22989,46.06358],[34.22524,46.07164],[34.23963,46.08017],[34.24283,46.09233],[34.21794,46.10913],[34.20832,46.10146],[34.20595,46.08513],[34.19208,46.08343],[34.20935,46.08036],[34.20405,46.07266],[34.17902,46.07756],[34.16718,46.10022],[34.17954,46.11917],[34.18109,46.13967],[34.19005,46.12862],[34.18479,46.1239],[34.20345,46.12646],[34.199,46.11757],[34.205,46.11218],[34.19278,46.10513],[34.19578,46.10243],[34.21495,46.11183],[34.19594,46.14909],[34.22246,46.15576],[34.21933,46.18134],[34.22852,46.18812],[34.24494,46.18326],[34.25028,46.16213],[34.24327,46.15682],[34.2312,46.16165],[34.24258,46.1381],[34.23182,46.11083],[34.25294,46.10386],[34.26213,46.11063],[34.2608,46.13977],[34.27429,46.14354],[34.27666,46.12807],[34.26573,46.12072],[34.269,46.10702],[34.25937,46.09936],[34.26491,46.09308],[34.255,46.09641],[34.251,46.08842],[34.26697,46.08564],[34.26644,46.0788],[34.24909,46.07594],[34.24808,46.06525]]],[[[34.13924,46.19221],[34.14941,46.17194],[34.14979,46.16689],[34.1318,46.18601],[34.13924,46.19221]]],[[[34.26753,46.15607],[34.27057,46.15635],[34.27053,46.15337],[34.26753,46.15607]]],[[[34.31395,46.24549],[34.3114,46.24908],[34.31574,46.24905],[34.31395,46.24549]]],[[[23.13521,52.29061],[23.17336,52.30637],[23.18791,52.33322],[23.20679,52.3378],[23.2777,52.33576],[23.28234,52.34568],[23.30538,52.33273],[23.36114,52.32282],[23.39472,52.3286],[23.42622,52.3583],[23.4626,52.33721],[23.45553,52.32472],[23.43201,52.32068],[23.45124,52.31097],[23.58046,52.28709],[23.83403,52.31441],[23.91561,52.33545],[23.99594,52.36704],[24.05981,52.36251],[24.11127,52.37363],[24.1702,52.42187],[24.21473,52.42617],[24.29914,52.45427],[24.32681,52.45576],[24.33354,52.47113],[24.44212,52.48965],[24.68649,52.54884],[24.7316,52.56813],[24.71365,52.6],[25.21281,52.6],[25.26569,52.58898],[25.27255,52.57669],[25.26329,52.55975],[25.23583,52.54128],[25.22618,52.51867],[25.28256,52.40678],[25.47409,52.37389],[25.52067,52.38318],[25.60755,52.37106],[25.6466,52.32881],[25.65566,52.27899],[25.72235,52.28654],[25.81336,52.27752],[25.83423,52.26906],[25.81084,52.23586],[25.83087,52.22082],[25.86405,52.2155],[25.95737,52.25188],[26.00341,52.25533],[26.14387,52.18215],[26.17276,52.17827],[26.25762,52.18308],[26.31756,52.19791],[26.36897,52.24065],[26.38875,52.23796],[26.4816,52.27981],[26.62735,52.30859],[26.64716,52.33074],[26.65211,52.35589],[26.61941,52.39579],[26.65815,52.40864],[26.74262,52.39027],[26.75417,52.37048],[26.78694,52.35157],[26.82897,52.33997],[26.98155,52.33583],[27.06458,52.31835],[27.089,52.29094],[27.0914,52.26472],[27.11209,52.2522],[27.17049,52.2458],[27.31752,52.2602],[27.39038,52.18637],[27.41085,52.18149],[27.52672,52.19821],[27.54916,52.22565],[27.57738,52.2436],[27.59554,52.24478],[28.11499,52.19922],[28.14301,52.20845],[28.17167,52.2647],[28.20176,52.29381],[28.25001,52.20664],[28.34355,52.22219],[28.4593,52.22175],[28.50991,52.21587],[28.59174,52.17431],[28.68462,52.16948],[28.68888,52.17556],[28.67819,52.19168],[28.68973,52.20337],[28.73194,52.17461],[28.78486,52.15571],[28.94213,52.12896],[28.99334,52.13916],[29.0309,52.1766],[29.06592,52.18645],[29.10426,52.1784],[29.22715,52.12877],[29.24934,52.11361],[29.26742,52.07496],[29.27758,52.08684],[29.29755,52.07395],[29.38911,52.15183],[29.44385,52.17288],[29.49222,52.17273],[29.55429,52.19545],[29.58435,52.19052],[29.6163,52.17561],[29.63155,52.15957],[29.69115,52.13815],[29.74955,52.18072],[29.8262,52.21349],[29.97317,52.20933],[30.04078,52.24641],[30.14546,52.27239],[30.22043,52.30043],[30.28202,52.30357],[30.30135,52.29641],[30.32543,52.25839],[30.38246,52.24866],[30.5062,52.26627],[30.55821,52.24277],[30.58909,52.24617],[30.67702,52.28338],[30.67716,52.27365],[30.71521,52.22822],[30.71296,52.18686],[30.76402,52.15175],[30.81813,52.12966],[30.81393,52.09446],[30.87255,52.04531],[30.90239,52.00701],[30.89381,52.0027],[30.9137,51.99044],[30.89444,51.98412],[30.89875,51.96976],[30.87573,51.96896],[30.86542,51.96106],[30.84459,51.96473],[30.84495,51.95883],[30.8189,51.95176],[30.83096,51.92341],[30.8232,51.91409],[30.79606,51.90137],[30.75482,51.90279],[30.71436,51.86909],[30.70309,51.83902],[30.66736,51.83168],[30.67905,51.80245],[30.66853,51.7839],[30.6318,51.77771],[30.62879,51.77144],[30.65611,51.76471],[30.65903,51.75741],[30.6371,51.74183],[30.63,51.72365],[30.63441,51.71608],[30.62166,51.70958],[30.57763,51.71145],[30.56848,51.70237],[30.59073,51.6616],[30.56381,51.64883],[30.57388,51.6296],[30.54957,51.62899],[30.54741,51.61772],[30.51946,51.59931],[30.55889,51.58465],[30.53814,51.5679],[30.55473,51.54558],[30.59293,51.5486],[30.59542,51.54039],[30.57126,51.51647],[30.5925,51.50401],[30.59659,51.47902],[30.62477,51.47115],[30.62726,51.46294],[30.59521,51.45596],[30.59318,51.42816],[30.63419,51.42385],[30.65187,51.39062],[30.66278,51.38675],[30.64834,51.36308],[30.65038,51.35398],[30.67156,51.34829],[30.59031,51.31117],[30.56786,51.31416],[30.56532,51.30878],[30.58434,51.29184],[30.58323,51.27941],[30.56447,51.2565],[30.5881,51.15522],[30.62313,51.13541],[30.6128,51.07994],[30.58202,51.0145],[30.59374,50.98231],[30.65493,50.97141],[30.72178,50.91574],[30.72268,50.87087],[30.75616,50.84833],[30.77648,50.82134],[30.76477,50.78651],[30.78464,50.75862],[30.84731,50.7648],[30.95846,50.73392],[31.12264,50.75159],[31.24567,50.73575],[31.2823,50.68124],[31.27384,50.64091],[31.29334,50.60319],[31.31985,50.59631],[31.34996,50.62287],[31.39784,50.64708],[31.41027,50.66621],[31.46063,50.66948],[31.50878,50.65851],[31.54201,50.67178],[31.55294,50.69411],[31.58482,50.71738],[31.68484,50.70927],[31.78055,50.6765],[31.85763,50.60322],[31.97781,50.51277],[32.08394,50.46099],[32.21602,50.4363],[32.26912,50.43571],[32.39043,50.47359],[32.45291,50.47892],[32.52302,50.46214],[32.59482,50.43027],[32.7083,50.41845],[32.77578,50.43338],[32.86007,50.46846],[32.92587,50.4768],[33.03548,50.51454],[33.10857,50.51543],[33.22597,50.49545],[33.48508,50.47168],[33.66581,50.4873],[33.84981,50.47636],[33.95878,50.51649],[34.00522,50.50865],[34.0278,50.48907],[34.0525,50.44734],[34.10991,50.41343],[34.23797,50.42457],[34.26854,50.47133],[34.33792,50.47916],[34.41347,50.46092],[34.43893,50.40404],[34.43845,50.35473],[34.45705,50.31413],[34.5,50.29114],[34.5,46.13651],[34.44429,46.15296],[34.432,46.16882],[34.4173,46.17131],[34.38262,46.19744],[34.36702,46.19815],[34.35342,46.18845],[34.3347,46.21177],[34.33354,46.22099],[34.34096,46.2242],[34.32594,46.23471],[34.32992,46.23973],[34.31381,46.23658],[34.31932,46.25615],[34.30459,46.25863],[34.3011,46.25747],[34.29846,46.25511],[34.29833,46.2462],[34.3262,46.22371],[34.31091,46.21639],[34.30317,46.19238],[34.28462,46.19875],[34.29785,46.18469],[34.30831,46.18818],[34.31582,46.16852],[34.33285,46.17642],[34.34308,46.16505],[34.32453,46.1426],[34.31966,46.10697],[34.30502,46.11242],[34.30533,46.1044],[34.29797,46.10415],[34.30336,46.11778],[34.2921,46.14728],[34.29572,46.15736],[34.26143,46.18434],[34.23865,46.23144],[34.21626,46.24465],[34.20224,46.26881],[34.17299,46.29156],[34.15995,46.29163],[34.1492,46.26436],[34.13487,46.26473],[34.12068,46.27699],[34.11326,46.27376],[34.1118,46.25921],[34.09528,46.25811],[34.15173,46.25781],[34.1822,46.19405],[34.21058,46.17545],[34.20654,46.16448],[34.1909,46.1622],[34.16376,46.13977],[34.15217,46.14845],[34.17119,46.18074],[34.16237,46.20367],[34.14297,46.21418],[34.12484,46.18367],[34.0992,46.17875],[34.10392,46.17367],[34.12306,46.18011],[34.13685,46.17291],[34.14531,46.15503],[34.13023,46.16254],[34.14425,46.13839],[34.16673,46.13411],[34.16665,46.12816],[34.15325,46.13032],[34.15922,46.12196],[34.15437,46.11515],[34.12218,46.14059],[34.10207,46.12346],[34.08823,46.12472],[34.08927,46.14135],[34.06649,46.15959],[34.04462,46.13889],[34.04271,46.12048],[33.97544,46.20664],[33.94693,46.2222],[33.92262,46.21991],[33.92136,46.22615],[33.89614,46.21911],[33.89052,46.22239],[33.8962,46.22802],[33.88064,46.23758],[33.86885,46.22543],[33.83846,46.22254],[33.77699,46.25656],[33.76564,46.24232],[33.72266,46.24031],[33.64765,46.28824],[33.61117,46.29658],[33.57075,46.29392],[33.54208,46.2648],[33.44733,46.1022],[33.42195,46.04362],[33.42672,46.03857],[33.36949,46.08129],[33.37509,46.08992],[33.3703,46.09793],[33.3469,46.10324],[33.33428,46.11897],[33.3183,46.10972],[33.30806,46.07938],[33.28381,46.08289],[33.28158,46.09626],[33.30065,46.09095],[33.311,46.09752],[33.31391,46.1216],[33.27917,46.13934],[33.22156,46.13947],[33.21035,46.13112],[33.20962,46.1115],[33.19877,46.11592],[33.20813,46.13854],[33.22754,46.15197],[33.22528,46.16534],[33.2109,46.17748],[33.22794,46.2221],[33.20037,46.19468],[33.19037,46.19791],[33.1857,46.18512],[33.19358,46.17445],[33.14233,46.13355],[33.08682,46.14104],[33.04847,46.16345],[33.02031,46.16183],[33.01607,46.15289],[33.0305,46.14078],[33.02841,46.13334],[32.99917,46.11417],[32.98569,46.11915],[32.93817,46.10997],[32.77208,46.12701],[32.73852,46.11368],[32.62731,46.10949],[32.54525,46.07813],[32.54466,46.06445],[32.22012,46.13281],[32.23869,46.15147],[32.23045,46.16801],[32.23496,46.17787],[32.24502,46.17473],[32.23873,46.18297],[32.20692,46.18882],[32.19325,46.18091],[32.20257,46.17301],[32.19341,46.17497],[32.1575,46.20334],[32.12977,46.20238],[32.09103,46.22147],[32.07632,46.2492],[32.06764,46.24908],[32.06954,46.24375],[32.04961,46.25685],[32.03079,46.24707],[31.97409,46.25516],[31.95322,46.26941],[31.94255,46.29035],[31.91185,46.2988],[31.90104,46.29715],[31.898,46.28402],[31.87345,46.26462],[31.84447,46.27367],[31.81701,46.26372],[31.81437,46.27705],[31.77914,46.26577],[31.78327,46.27178],[31.77334,46.2945],[31.75849,46.29663],[31.76433,46.30327],[31.75948,46.30526],[31.76179,46.31362],[31.77099,46.3117],[31.78613,46.32621],[31.8395,46.34253],[31.9733,46.34875],[32.01067,46.36445],[32.02743,46.38549],[32.05314,46.38496],[32.05886,46.39752],[32.03868,46.41655],[32.03015,46.43901],[32.01013,46.45209],[31.99448,46.43671],[31.959,46.42846],[31.99044,46.44051],[31.94656,46.436],[31.88994,46.46069],[31.77434,46.48586],[31.71564,46.48042],[31.69806,46.46051],[31.6989,46.44953],[31.71586,46.43913],[31.70462,46.43656],[31.53571,46.54908],[31.51399,46.57807],[31.54248,46.55455],[31.57921,46.54305],[31.66531,46.54193],[31.74793,46.55226],[31.79223,46.53517],[31.87973,46.51786],[31.905,46.51944],[32.01066,46.49131],[32.05164,46.49248],[32.08059,46.50209],[32.15574,46.49894],[32.15632,46.50964],[32.18249,46.49423],[32.17468,46.49295],[32.20685,46.48118],[32.27012,46.48047],[32.30621,46.46783],[32.34337,46.4638],[32.41285,46.47644],[32.42345,46.48992],[32.40545,46.49478],[32.36675,46.4893],[32.32455,46.46685],[32.32079,46.4775],[32.28824,46.48841],[32.31253,46.49404],[32.30802,46.49992],[32.27782,46.50343],[32.31355,46.50563],[32.29553,46.51047],[32.30099,46.51915],[32.29444,46.5363],[32.2798,46.54533],[32.30156,46.54856],[32.30562,46.56048],[32.28284,46.58011],[32.24064,46.58911],[32.13883,46.55663],[32.10315,46.6114],[32.05232,46.61426],[31.98684,46.65164],[31.98454,46.66883],[31.97277,46.68113],[31.97576,46.6972],[31.96605,46.72675],[31.93551,46.74886],[31.94685,46.76418],[31.94362,46.78254],[31.93282,46.79069],[31.94844,46.79626],[31.95706,46.81509],[31.94811,46.83366],[31.98912,46.85653],[31.99191,46.86577],[31.97486,46.87621],[31.99302,46.89992],[31.99768,46.91958],[31.98933,46.93311],[31.94941,46.92867],[31.91382,46.94001],[31.91189,46.95808],[31.95353,46.99165],[31.96195,47.00364],[31.95694,47.00862],[31.91029,46.99278],[31.88294,46.99355],[31.85004,47.02687],[31.8525,47.04501],[31.86317,47.05557],[31.85117,47.07081],[31.87733,47.06736],[31.89099,47.08122],[31.89182,47.09577],[31.87931,47.11308],[31.85229,47.11474],[31.82958,47.13219],[31.82341,47.14425],[31.84678,47.15714],[31.82579,47.18796],[31.76248,47.21275],[31.74464,47.22818],[31.74354,47.25783],[31.7779,47.28806],[31.7356,47.30456],[31.71757,47.33571],[31.67537,47.33647],[31.64116,47.34834],[31.60167,47.38086],[31.53002,47.39439],[31.52036,47.40222],[31.5199,47.42386],[31.50147,47.42856],[31.47635,47.45418],[31.43704,47.46796],[31.42345,47.48342],[31.40653,47.5338],[31.32852,47.53373],[31.29881,47.55922],[31.19501,47.59352],[31.18496,47.60724],[31.1984,47.63392],[31.22625,47.64015],[31.22646,47.66357],[31.26867,47.66891],[31.2723,47.68677],[31.25575,47.7057],[31.21296,47.70243],[31.19463,47.72071],[31.19067,47.72834],[31.19823,47.73858],[31.17806,47.81196],[31.12669,47.82597],[31.12041,47.83502],[31.13035,47.86043],[31.10134,47.90129],[31.0511,47.93455],[31.05188,47.96272],[31.02579,47.99711],[30.98839,48.00632],[30.96535,48.02446],[30.87473,48.03417],[30.85083,48.05048],[30.83907,48.02737],[30.8074,48.00614],[30.75177,48.04121],[30.72764,48.03022],[30.7216,48.03333],[30.71527,48.07941],[30.63909,48.10856],[30.63037,48.12581],[30.60967,48.13949],[30.59258,48.13104],[30.59096,48.12062],[30.60326,48.11146],[30.59264,48.10081],[30.56037,48.1118],[30.55138,48.11838],[30.55515,48.13033],[30.53366,48.14902],[30.51387,48.1547],[30.50254,48.16951],[30.47704,48.16555],[30.44136,48.17226],[30.41037,48.1625],[30.39331,48.17446],[30.33841,48.15748],[30.33157,48.13831],[30.27785,48.14445],[30.26297,48.13749],[30.20511,48.15118],[30.17027,48.13916],[30.13654,48.14347],[30.1158,48.1366],[30.06065,48.14971],[30.0438,48.17616],[30.01114,48.18995],[30.01627,48.21234],[30.00108,48.22194],[30.00213,48.23828],[29.98059,48.25389],[29.97728,48.27394],[29.9555,48.29251],[29.92693,48.2987],[29.90654,48.2927],[29.88657,48.32258],[29.86994,48.33241],[29.82171,48.33436],[29.82147,48.35481],[29.81172,48.36338],[29.78463,48.37314],[29.7616,48.37147],[29.73833,48.4184],[29.75375,48.43019],[29.75142,48.44226],[29.71071,48.46221],[29.68463,48.49214],[29.65285,48.49104],[29.6225,48.50036],[29.58466,48.49547],[29.53967,48.50543],[29.46981,48.49164],[29.40208,48.51139],[29.38679,48.52476],[29.39081,48.53083],[29.32062,48.57712],[29.31728,48.59419],[29.30615,48.59614],[29.30284,48.60254],[29.3178,48.62415],[29.30789,48.66853],[29.25554,48.6864],[29.24219,48.69745],[29.24251,48.70902],[29.2166,48.72226],[29.19149,48.72662],[29.17275,48.70663],[29.14906,48.72527],[29.095,48.7356],[29.07834,48.75687],[29.07937,48.77025],[29.12166,48.77844],[29.12381,48.79453],[29.10258,48.81563],[29.14611,48.81585],[29.14026,48.83429],[29.07778,48.87896],[29.05193,48.87082],[29.05007,48.85178],[28.99959,48.85657],[29.00076,48.83024],[28.97709,48.82365],[28.95236,48.83273],[28.90535,48.83496],[28.88104,48.84877],[28.83254,48.84735],[28.83268,48.87344],[28.81963,48.87082],[28.80722,48.90291],[28.78067,48.8929],[28.73544,48.85897],[28.72319,48.86201],[28.71985,48.87224],[28.67206,48.87256],[28.66035,48.88806],[28.64212,48.89113],[28.64552,48.90699],[28.67431,48.92631],[28.68486,48.9487],[28.68096,48.96869],[28.66416,48.97538],[28.65871,48.98789],[28.67301,49.00096],[28.6631,49.02098],[28.61119,49.01518],[28.60228,49.00797],[28.59046,49.01961],[28.58019,49.01649],[28.57399,49.0011],[28.53167,49.02651],[28.51115,49.02026],[28.48486,49.03332],[28.39245,49.03123],[28.37844,49.04127],[28.33723,49.04709],[28.3254,49.06641],[28.32759,49.0757],[28.27915,49.06339],[28.27166,49.05207],[28.20596,49.03773],[28.18073,49.00036],[28.06019,48.98717],[27.98059,49.00197],[27.95557,48.9954],[27.9302,48.99948],[27.92244,49.03351],[27.89707,49.01059],[27.87733,49.01761],[27.87306,49.04528],[27.86529,49.05231],[27.81346,49.04229],[27.79803,49.01392],[27.77019,49.01161],[27.75041,49.02247],[27.73334,49.05601],[27.71673,49.06346],[27.69771,49.05685],[27.69212,49.04617],[27.68004,48.9325],[27.66145,48.92293],[27.67183,48.89142],[27.69442,48.87241],[27.70592,48.82048],[27.66076,48.79974],[27.65489,48.78429],[27.68491,48.6793],[27.66581,48.65248],[27.60585,48.62349],[27.59662,48.5951],[27.62572,48.57793],[27.62894,48.56682],[27.62411,48.55795],[27.59937,48.5513],[27.57576,48.48858],[27.50377,48.47016],[27.48208,48.47938],[27.45837,48.51492],[27.44914,48.5655],[27.43164,48.60197],[27.40618,48.62909],[27.38245,48.62511],[27.3439,48.63309],[27.32303,48.62481],[27.32468,48.6053],[27.31227,48.59184],[27.28678,48.59101],[27.27503,48.60729],[27.24527,48.61097],[27.22509,48.60448],[27.24488,48.5658],[27.22825,48.55684],[27.19712,48.56073],[27.16714,48.57982],[27.0691,48.55459],[27.04327,48.573],[27.02329,48.55877],[26.96587,48.58394],[26.86918,48.54969],[26.83746,48.5478],[26.80038,48.58035],[26.8109,48.59316],[26.79248,48.60365],[26.77247,48.59323],[26.78341,48.57427],[26.77416,48.55261],[26.75744,48.5513],[26.74747,48.57299],[26.71955,48.58586],[26.70367,48.57865],[26.72112,48.56545],[26.71826,48.5409],[26.70304,48.53551],[26.62616,48.5519],[26.60804,48.53829],[26.66453,48.52691],[26.66645,48.50741],[26.68464,48.49217],[26.65737,48.48188],[26.62797,48.49879],[26.57679,48.5084],[26.58618,48.45993],[26.56681,48.45515],[26.52814,48.46671],[26.51529,48.4888],[26.48776,48.51115],[26.47908,48.53261],[26.43865,48.53094],[26.38505,48.58016],[26.36259,48.56237],[26.3421,48.57979],[26.32086,48.62897],[26.27873,48.6438],[26.26553,48.66108],[26.27153,48.69953],[26.23758,48.73807],[26.23648,48.76892],[26.20516,48.78115],[26.21515,48.80559],[26.25585,48.81596],[26.25453,48.83342],[26.22427,48.84454],[26.21396,48.85754],[26.2272,48.89973],[26.19831,48.91063],[26.2029,48.9579],[26.18198,48.96189],[26.174,48.97743],[26.19925,48.99007],[26.19727,49.00569],[26.1694,49.01547],[26.17007,49.02592],[26.18162,49.03767],[26.20811,49.03671],[26.23103,49.04682],[26.23189,49.06203],[26.21855,49.0793],[26.21232,49.17221],[26.23254,49.19997],[26.21357,49.20558],[26.20275,49.26847],[26.24756,49.35306],[26.22332,49.36517],[26.22466,49.41576],[26.19867,49.43578],[26.19863,49.46548],[26.18037,49.47768],[26.17172,49.50861],[26.15423,49.51877],[26.1556,49.54827],[26.17144,49.56325],[26.20694,49.58691],[26.23231,49.58616],[26.24837,49.60589],[26.2415,49.63753],[26.25424,49.66061],[26.24222,49.68628],[26.18782,49.67776],[26.14807,49.69778],[26.05579,49.71468],[25.97214,49.6786],[25.8585,49.71652],[25.81106,49.69729],[25.77666,49.69824],[25.65542,49.71881],[25.62476,49.73067],[25.55994,49.77969],[25.49081,49.78528],[25.47605,49.77295],[25.41147,49.77405],[25.3027,49.81448],[25.20252,49.91283],[25.18756,49.95873],[25.2004,49.99712],[25.18228,50.02911],[25.11568,50.05699],[25.0288,50.07888],[24.89363,50.09266],[24.88095,50.10956],[24.82766,50.12311],[24.81043,50.1587],[24.75914,50.22057],[24.72295,50.23567],[24.63695,50.31331],[24.48338,50.32883],[24.43706,50.31272],[24.3673,50.31379],[24.30102,50.3258],[24.26924,50.35542],[24.27833,50.35526],[24.28087,50.38254],[24.30257,50.38843],[24.28638,50.39995],[24.28842,50.40636],[24.31247,50.41481],[24.28864,50.42632],[24.31442,50.44979],[24.29406,50.47228],[24.30255,50.48456],[24.30074,50.49811],[24.34163,50.50639],[24.34009,50.53037],[24.32031,50.54994],[24.24424,50.56118],[24.25006,50.5795],[24.23911,50.58845],[24.21669,50.59024],[24.19908,50.62664],[24.11677,50.62332],[24.12874,50.64184],[24.09724,50.66848],[24.10589,50.69596],[24.04284,50.70546],[24.04349,50.73201],[24.03604,50.73766],[24.0418,50.75598],[23.98277,50.76876],[23.98118,50.77845],[23.99725,50.8003],[24.0264,50.81962],[24.08515,50.81067],[24.1112,50.81514],[24.16207,50.82992],[24.17382,50.84752],[24.1476,50.86685],[24.08725,50.88078],[24.00876,50.92535],[23.99917,50.9341],[24.00507,50.96761],[23.97447,50.99311],[23.95689,50.99615],[23.95176,51.02907],[23.9352,51.04529],[23.9383,51.06013],[23.88883,51.08497],[23.8848,51.09685],[23.89611,51.12307],[23.87937,51.14879],[23.85618,51.16386],[23.83922,51.1592],[23.81971,51.16624],[23.81658,51.1761],[23.78851,51.19553],[23.75286,51.20063],[23.73558,51.23493],[23.73848,51.25928],[23.71539,51.28],[23.66681,51.28372],[23.6464,51.30316],[23.71086,51.39066],[23.70253,51.40397],[23.6748,51.41001],[23.67984,51.43127],[23.65547,51.43312],[23.65493,51.44647],[23.67482,51.46032],[23.67384,51.48227],[23.66443,51.48715],[23.62615,51.47445],[23.61525,51.49468],[23.62186,51.51101],[23.57171,51.53571],[23.54773,51.5745],[23.55366,51.62412],[23.53806,51.63443],[23.5667,51.66629],[23.54512,51.68771],[23.56196,51.70668],[23.5363,51.70484],[23.53402,51.71269],[23.54206,51.7336],[23.59902,51.76035],[23.62755,51.75616],[23.63553,51.76664],[23.63872,51.80708],[23.61283,51.82995],[23.62397,51.85051],[23.61544,51.86856],[23.63778,51.87457],[23.63884,51.88299],[23.61813,51.90242],[23.64442,51.926],[23.64008,51.94737],[23.66897,51.96402],[23.68024,51.97982],[23.68724,52.03217],[23.6707,52.05492],[23.67416,52.06591],[23.69442,52.075],[23.68299,52.08389],[23.63591,52.09017],[23.6005,52.12357],[23.55738,52.12747],[23.54248,52.11017],[23.53539,52.12804],[23.50669,52.14263],[23.5082,52.15764],[23.49585,52.16376],[23.49333,52.18111],[23.47463,52.19742],[23.45963,52.18487],[23.43586,52.19509],[23.40651,52.18223],[23.38954,52.18885],[23.37471,52.20755],[23.34639,52.2031],[23.33251,52.21979],[23.28033,52.2151],[23.26682,52.22795],[23.21591,52.23257],[23.20936,52.2475],[23.19834,52.24775],[23.1961,52.24041],[23.18382,52.25217],[23.18578,52.26902],[23.13913,52.28261],[23.13521,52.29061]]],[[[34.49784,45.981],[34.48265,45.95378],[34.47333,45.98686],[34.48179,46.00076],[34.42852,46.01845],[34.42444,46.00748],[34.41814,46.01794],[34.4355,46.04663],[34.46616,46.04429],[34.46992,46.03742],[34.48081,46.04179],[34.48092,46.04773],[34.44812,46.05158],[34.43791,46.08585],[34.46105,46.09725],[34.47526,46.11674],[34.47109,46.12569],[34.49185,46.12373],[34.48318,46.12381],[34.49034,46.08927],[34.5,46.0994],[34.49784,45.981]],[[34.46565,46.04043],[34.46207,46.03333],[34.46808,46.0309],[34.47032,46.03534],[34.46565,46.04043]],[[34.46589,46.02943],[34.46117,46.03155],[34.45163,46.02985],[34.45674,46.02565],[34.46589,46.02943]]],[[[34.30759,46.25594],[34.30401,46.24883],[34.30125,46.25671],[34.30759,46.25594]]],[[[34.4442,46.00078],[34.44902,46.0046],[34.45405,45.97156],[34.44478,45.98472],[34.45,45.98646],[34.4442,46.00078]]],[[[34.43844,45.99221],[34.43035,45.99911],[34.43124,46.00089],[34.43814,46.00024],[34.43844,45.99221]]],[[[34.27696,46.08824],[34.26746,46.0895],[34.27454,46.10074],[34.27696,46.08824]]],[[[34.30484,46.10054],[34.30752,46.10587],[34.31144,46.10792],[34.31394,46.10136],[34.30484,46.10054]]],[[[34.42817,46.09811],[34.41931,46.0863],[34.4111,46.08725],[34.41787,46.07769],[34.41498,46.06047],[34.40717,46.05935],[34.39608,46.0948],[34.43595,46.12212],[34.47019,46.12392],[34.45097,46.11457],[34.44683,46.10063],[34.42817,46.09811]]],[[[34.32934,46.22993],[34.33443,46.22276],[34.32625,46.22669],[34.32934,46.22993]]]],"type":"MultiPolygon"},"id":"1942-12-038","properties":{"Foreign_Po":"German-occupied","Govt_in_Ex":"","Head_of_St":"Erich Koch (Reichskommissar)","Name":"Reichskommissariat Ukraine","editorialFlagIds":["HA-CAUTION-HEAD-OF-STATE"],"foreignPowerCategory":"german_occupied","snapshotDate":"1942-12-31","sourceFeatureIndex":38,"yearMonth":"1942-12"},"type":"Feature"},{"geometry":{"coordinates":[[[[28.57451,43.74998],[28.4029,43.74977],[28.35022,43.7878],[28.28159,43.77706],[28.04625,43.84151],[28.02053,43.85688],[27.98685,43.86102],[27.99004,43.87797],[28.00277,43.88346],[27.99292,43.89401],[27.9484,43.90983],[27.91498,43.94212],[27.88339,44.00714],[27.66242,43.96282],[27.63327,43.99228],[27.62735,44.02249],[27.60586,44.0428],[27.56812,44.01153],[27.54903,44.00711],[27.39944,44.01673],[27.38215,44.05374],[27.28041,44.07717],[27.28729,44.11385],[27.25974,44.12054],[27.19151,44.11091],[27.14377,44.14237],[27.09573,44.14863],[27.07291,44.13699],[27.0356,44.15109],[26.94142,44.14472],[26.9157,44.11997],[26.85409,44.11773],[26.82187,44.08533],[26.78248,44.07642],[26.52648,44.04046],[26.45374,44.0408],[26.41316,44.03196],[26.37656,44.03988],[26.30588,44.02526],[26.19279,43.98261],[26.14464,43.98361],[26.09829,43.9601],[26.04598,43.89981],[25.9483,43.85738],[25.87828,43.77761],[25.86044,43.76303],[25.81071,43.74481],[25.78235,43.70868],[25.73059,43.68784],[25.65926,43.68656],[25.55763,43.64157],[25.48261,43.64069],[25.3995,43.61685],[25.34463,43.62532],[25.25768,43.67924],[25.18388,43.6963],[25.1076,43.68181],[25.05646,43.68954],[24.99483,43.72584],[24.93842,43.72464],[24.88569,43.70357],[24.80551,43.70777],[24.7354,43.68149],[24.68911,43.69699],[24.62775,43.73974],[24.50956,43.76081],[24.40466,43.73358],[24.37675,43.70966],[24.34064,43.69461],[24.1729,43.68002],[24.08875,43.69865],[24.05786,43.71744],[23.97254,43.7419],[23.86215,43.75243],[23.7648,43.78221],[23.74637,43.7982],[23.69805,43.80192],[23.61328,43.78848],[23.55941,43.80154],[23.50412,43.83494],[23.42627,43.84826],[23.27192,43.84381],[23.14362,43.80499],[23.06484,43.7932],[22.87626,43.83195],[22.85579,43.84608],[22.84034,43.88067],[22.88144,43.97708],[22.92997,44.0006],[23.00963,44.00954],[23.04187,44.04758],[23.04666,44.06135],[23.03944,44.08051],[23.02446,44.09012],[22.9195,44.10359],[22.86669,44.13334],[22.80656,44.15534],[22.74468,44.19765],[22.68882,44.20466],[22.6712,44.22028],[22.68589,44.25293],[22.67942,44.27577],[22.65674,44.28722],[22.55763,44.30432],[22.52252,44.34216],[22.50603,44.37387],[22.49811,44.41887],[22.46537,44.43916],[22.45721,44.45547],[22.45707,44.46601],[22.46868,44.47512],[22.51811,44.4681],[22.54871,44.47774],[22.55819,44.48902],[22.56423,44.53038],[22.58555,44.54594],[22.62724,44.54558],[22.69737,44.51294],[22.75762,44.53319],[22.76339,44.54013],[22.75276,44.56252],[22.708,44.59969],[22.67277,44.61555],[22.60306,44.61747],[22.565,44.63842],[22.47347,44.7118],[22.4564,44.71387],[22.41582,44.70254],[22.38985,44.67891],[22.33906,44.67548],[22.31296,44.66236],[22.29863,44.63636],[22.27321,44.62028],[22.25846,44.58667],[22.23721,44.56531],[22.1842,44.47794],[22.14038,44.46882],[22.07934,44.49519],[22.06973,44.52309],[22.0372,44.53936],[22.02491,44.59051],[22.00435,44.6063],[21.99162,44.63264],[21.95445,44.63508],[21.92095,44.64758],[21.80521,44.6543],[21.79116,44.66356],[21.72165,44.65434],[21.69181,44.66539],[21.63036,44.66188],[21.6138,44.67808],[21.61259,44.71449],[21.60027,44.74357],[21.58368,44.75976],[21.53247,44.7722],[21.39844,44.77666],[21.37981,44.80829],[21.3548,44.82346],[21.3595,44.83248],[21.35047,44.83443],[21.36602,44.868],[21.44743,44.8752],[21.45917,44.86722],[21.47695,44.8681],[21.55583,44.8879],[21.54088,44.92964],[21.46577,44.9571],[21.43383,44.95969],[21.40257,44.97745],[21.40973,44.98524],[21.35486,45.01894],[21.4018,45.03475],[21.4186,45.03099],[21.45155,45.03878],[21.44632,45.05176],[21.45294,45.06914],[21.47763,45.08834],[21.46619,45.10391],[21.47373,45.11928],[21.52428,45.13846],[21.51293,45.16642],[21.48925,45.17],[21.4773,45.18944],[21.43249,45.20201],[21.40254,45.22628],[21.39073,45.21614],[21.35506,45.221],[21.32207,45.23794],[21.28729,45.24078],[21.27089,45.22827],[21.21546,45.24856],[21.19992,45.26453],[21.20463,45.27354],[21.18825,45.28579],[21.17791,45.3069],[21.18057,45.319],[21.17207,45.32372],[21.16264,45.31807],[21.15833,45.32329],[21.14185,45.3041],[21.09484,45.29485],[21.07912,45.31652],[21.05986,45.31571],[21.06044,45.33089],[21.01516,45.32331],[21.00926,45.34012],[20.95882,45.36543],[20.94776,45.38373],[20.93021,45.38462],[20.93429,45.39085],[20.91888,45.41436],[20.86592,45.42846],[20.88,45.44317],[20.86623,45.46173],[20.83252,45.47665],[20.76981,45.47743],[20.77601,45.48725],[20.76709,45.49673],[20.83225,45.53281],[20.79399,45.58432],[20.77096,45.57909],[20.76505,45.60918],[20.80451,45.65267],[20.79593,45.68303],[20.80133,45.73383],[20.81469,45.74481],[20.82183,45.77165],[20.78288,45.78231],[20.7734,45.75096],[20.69975,45.74708],[20.68349,45.79341],[20.66231,45.7908],[20.65085,45.80812],[20.65999,45.82525],[20.61105,45.86061],[20.58044,45.86559],[20.56845,45.9067],[20.51518,45.88922],[20.48252,45.95042],[20.44606,45.96733],[20.40513,45.96282],[20.34603,45.99711],[20.35568,46.00376],[20.33884,46.03579],[20.34115,46.04696],[20.3096,46.06808],[20.30048,46.08415],[20.27123,46.09649],[20.26384,46.10764],[20.28183,46.11444],[20.26635,46.11309],[20.26226,46.12013],[20.28797,46.14422],[20.3081,46.1546],[20.31218,46.14756],[20.35383,46.16818],[20.36644,46.14891],[20.38077,46.15795],[20.39298,46.15011],[20.39996,46.15702],[20.4356,46.14213],[20.4637,46.14411],[20.49514,46.16853],[20.49829,46.19006],[20.54421,46.17791],[20.63953,46.1247],[20.65573,46.14872],[20.68515,46.14386],[20.71299,46.16384],[20.72897,46.20592],[20.75902,46.20383],[20.75021,46.24651],[20.77547,46.2734],[20.87115,46.2855],[20.88848,46.26947],[20.91578,46.26097],[20.92292,46.27449],[20.94547,46.27597],[20.94939,46.26226],[20.99148,46.25792],[21.02226,46.26518],[21.03505,46.2477],[21.06157,46.24208],[21.06948,46.25266],[21.10047,46.26083],[21.11305,46.29849],[21.14345,46.30386],[21.14607,46.29693],[21.16822,46.2965],[21.1794,46.30293],[21.1701,46.31722],[21.1724,46.32743],[21.19718,46.34478],[21.19855,46.38171],[21.21752,46.41012],[21.29322,46.40593],[21.28747,46.41129],[21.31449,46.45025],[21.29485,46.47419],[21.27283,46.47557],[21.26018,46.49971],[21.27316,46.53826],[21.28987,46.54409],[21.31905,46.57997],[21.30164,46.58941],[21.3256,46.62679],[21.3655,46.63586],[21.40687,46.62101],[21.41929,46.64439],[21.45526,46.66051],[21.43481,46.67505],[21.43026,46.69169],[21.45014,46.68672],[21.47124,46.69301],[21.49161,46.68418],[21.52765,46.71832],[21.52659,46.73174],[21.68329,46.77087],[21.74512,46.80025],[21.87491,46.91816],[21.90299,46.93502],[21.93247,46.94602],[22.09177,46.9682],[22.20292,47.00609],[22.31229,47.01934],[22.41003,46.99766],[22.48998,46.96747],[22.65626,46.85087],[22.72071,46.81657],[22.80573,46.8074],[22.88367,46.81427],[22.9637,46.83418],[23.02435,46.82873],[23.11629,46.81371],[23.24613,46.77197],[23.38973,46.75028],[23.40342,46.73329],[23.43331,46.73431],[23.48775,46.71695],[23.60055,46.71698],[23.77441,46.74343],[23.93451,46.75039],[23.97599,46.79182],[24.15254,46.89865],[24.27587,46.88899],[24.46159,46.85066],[24.46595,46.82232],[24.4556,46.79692],[24.43763,46.78403],[24.42976,46.75255],[24.4382,46.71887],[24.41978,46.62754],[24.42494,46.60674],[24.44447,46.58685],[24.43364,46.55481],[24.4805,46.54173],[24.53455,46.47209],[24.59694,46.44532],[24.64156,46.44875],[24.71651,46.41249],[24.877,46.35265],[24.91546,46.36834],[24.97093,46.35666],[25.10651,46.26251],[25.26318,46.22458],[25.39527,46.12176],[25.44884,46.10044],[25.56325,46.09028],[25.58624,46.07437],[25.61129,46.07834],[25.64362,46.06102],[25.64602,46.03758],[25.64365,46.01678],[25.62079,46.00191],[25.63507,45.99401],[25.61652,45.97946],[25.61746,45.91584],[25.68971,45.90598],[25.72125,45.87334],[25.71777,45.86231],[25.73054,45.8498],[25.83494,45.77914],[26.07212,45.7457],[26.11368,45.73639],[26.14105,45.71769],[26.19406,45.70945],[26.23649,45.7414],[26.35336,45.74908],[26.37663,45.78593],[26.4231,45.82105],[26.43021,45.85948],[26.48738,45.90544],[26.50123,45.93026],[26.49924,46.00001],[26.48984,46.03911],[26.49433,46.09047],[26.44764,46.17401],[26.44763,46.20775],[26.39383,46.31251],[26.3894,46.33729],[26.39737,46.40349],[26.32635,46.4405],[26.31863,46.4725],[26.26651,46.46032],[26.23111,46.46865],[26.16097,46.52173],[26.15406,46.56513],[26.21314,46.61097],[26.24589,46.65408],[26.24606,46.6887],[26.1677,46.75645],[26.10229,46.851],[26.07188,46.87962],[26.02423,46.91659],[25.90138,46.98971],[25.85235,47.00563],[25.80781,47.066],[25.72336,47.11394],[25.72214,47.141],[25.66899,47.13148],[25.61103,47.138],[25.55164,47.16676],[25.51929,47.15513],[25.47302,47.18482],[25.4188,47.16287],[25.3725,47.16566],[25.24846,47.21207],[25.22784,47.2102],[25.2003,47.24092],[25.13245,47.28017],[25.12116,47.299],[25.1365,47.33422],[25.19403,47.38938],[25.21111,47.38889],[25.1965,47.46089],[25.11559,47.53734],[25.08631,47.58163],[25.09479,47.59481],[25.05723,47.64502],[25.00537,47.66367],[24.96879,47.68977],[24.93739,47.73714],[24.96247,47.74805],[24.96645,47.75612],[24.95125,47.76299],[24.96986,47.7901],[25.02475,47.80361],[25.00895,47.83162],[25.03012,47.85742],[24.99466,47.84602],[24.96705,47.89191],[24.98365,47.90781],[24.97119,47.9143],[24.98607,47.9247],[24.96436,47.95254],[24.94674,47.9473],[24.93623,47.98316],[24.94421,47.9993],[24.92258,48.01372],[24.96286,48.02162],[24.95238,48.03453],[25.00811,48.07284],[25.00228,48.10041],[25.05845,48.09847],[25.06369,48.11497],[25.0808,48.11837],[25.09047,48.13043],[25.07692,48.14281],[25.10248,48.14983],[25.09871,48.16087],[25.1287,48.16345],[25.14736,48.17619],[25.13269,48.20787],[25.17381,48.24048],[25.20445,48.24487],[25.22117,48.25596],[25.24411,48.28628],[25.26226,48.29716],[25.2645,48.31312],[25.28996,48.32395],[25.3129,48.34948],[25.35381,48.35816],[25.36581,48.36798],[25.39535,48.36865],[25.41276,48.38154],[25.43179,48.37697],[25.46955,48.3937],[25.51263,48.39533],[25.59573,48.37597],[25.58083,48.61458],[25.63663,48.65365],[25.69264,48.65341],[25.74118,48.61781],[25.75864,48.65652],[25.79492,48.65903],[25.85108,48.61559],[25.84244,48.58137],[25.87991,48.58751],[25.90556,48.57617],[25.92944,48.58136],[25.96222,48.60828],[26.01613,48.60626],[26.02865,48.6428],[26.04459,48.62899],[26.0527,48.60097],[26.04721,48.57205],[26.08324,48.54381],[26.11287,48.53567],[26.11433,48.56135],[26.09129,48.5973],[26.10742,48.61413],[26.13799,48.59147],[26.15252,48.53948],[26.17229,48.52413],[26.21144,48.52224],[26.27611,48.53865],[26.30746,48.51005],[26.36265,48.50765],[26.3738,48.51848],[26.40632,48.5271],[26.47908,48.53261],[26.48776,48.51115],[26.51529,48.4888],[26.52814,48.46671],[26.56681,48.45515],[26.58618,48.45993],[26.57679,48.5084],[26.62797,48.49879],[26.65737,48.48188],[26.68464,48.49217],[26.66645,48.50741],[26.66453,48.52691],[26.60804,48.53829],[26.62616,48.5519],[26.70304,48.53551],[26.71826,48.5409],[26.72112,48.56545],[26.70367,48.57865],[26.71955,48.58586],[26.74747,48.57299],[26.75744,48.5513],[26.77416,48.55261],[26.78341,48.57427],[26.77247,48.59323],[26.79248,48.60365],[26.8109,48.59316],[26.80038,48.58035],[26.83746,48.5478],[26.86918,48.54969],[26.96587,48.58394],[27.02329,48.55877],[27.04327,48.573],[27.0691,48.55459],[27.16714,48.57982],[27.19712,48.56073],[27.22825,48.55684],[27.24488,48.5658],[27.22509,48.60448],[27.24527,48.61097],[27.27503,48.60729],[27.28678,48.59101],[27.31227,48.59184],[27.32468,48.6053],[27.32303,48.62481],[27.3439,48.63309],[27.38245,48.62511],[27.40618,48.62909],[27.43164,48.60197],[27.44914,48.5655],[27.45837,48.51492],[27.48208,48.47938],[27.50377,48.47016],[27.57576,48.48858],[27.57445,48.47722],[27.59063,48.4573],[27.65518,48.44022],[27.74286,48.45698],[27.7847,48.44638],[27.82168,48.41918],[27.87217,48.40424],[27.88439,48.37041],[27.96156,48.32501],[28.0609,48.32222],[28.07999,48.31425],[28.09451,48.29448],[28.08118,48.2484],[28.09015,48.2334],[28.1099,48.2311],[28.13561,48.24423],[28.1447,48.26011],[28.16516,48.25962],[28.18801,48.25003],[28.18783,48.21529],[28.20821,48.2032],[28.30343,48.23949],[28.32418,48.23216],[28.35343,48.24658],[28.36888,48.22949],[28.37038,48.20315],[28.35424,48.18072],[28.30976,48.16112],[28.30819,48.13819],[28.32475,48.13155],[28.35455,48.13621],[28.38744,48.17514],[28.42999,48.17088],[28.44215,48.14175],[28.42292,48.12276],[28.43993,48.09474],[28.46425,48.07419],[28.50043,48.06515],[28.49295,48.07609],[28.4975,48.11014],[28.52637,48.12362],[28.64101,48.08571],[28.6008,48.07709],[28.58838,48.05309],[28.55095,48.04399],[28.53826,48.02293],[28.55561,48.00353],[28.58734,48.00198],[28.59776,48.03213],[28.62512,48.0381],[28.6446,48.02412],[28.68862,48.03497],[28.71221,48.02026],[28.71147,47.99619],[28.74844,47.9782],[28.77838,47.99434],[28.83754,47.9473],[28.83255,47.92008],[28.84708,47.90496],[28.88632,47.90395],[28.92185,47.89001],[28.96015,47.89398],[29.03023,47.8565],[29.02725,47.83085],[28.99469,47.80457],[28.98069,47.77698],[28.99206,47.74687],[28.97752,47.72519],[29.0005,47.64354],[28.99727,47.62083],[29.04977,47.56598],[29.0476,47.546],[29.06323,47.51219],[29.0957,47.49866],[29.12343,47.47335],[29.13311,47.45028],[29.10247,47.42468],[29.1127,47.41025],[29.15503,47.38522],[29.17516,47.3593],[29.17718,47.33175],[29.15455,47.31154],[29.10814,47.36254],[29.07576,47.36151],[29.09203,47.3295],[29.12284,47.30847],[29.12733,47.2834],[29.18196,47.23866],[29.20327,47.20862],[29.09811,47.12652],[29.13758,47.09127],[29.17668,47.12406],[29.2041,47.10941],[29.21415,47.13091],[29.20484,47.15104],[29.21209,47.16916],[29.24175,47.14924],[29.27426,47.17251],[29.32003,47.13508],[29.31384,47.11968],[29.3313,47.10194],[29.36312,47.11268],[29.37482,47.08431],[29.40597,47.06113],[29.4032,47.03636],[29.37251,47.02835],[29.39544,47.00278],[29.38702,46.99265],[29.32627,46.99595],[29.31885,46.98467],[29.34156,46.95137],[29.37494,46.93751],[29.44756,46.96019],[29.48457,46.93395],[29.47811,46.90012],[29.48763,46.87016],[29.51262,46.85],[29.50237,46.81395],[29.52416,46.78949],[29.55482,46.77993],[29.60797,46.81874],[29.64232,46.81821],[29.66818,46.79685],[29.69135,46.77598],[29.68187,46.74562],[29.70035,46.71685],[29.68737,46.69201],[29.71122,46.67295],[29.76733,46.67315],[29.78656,46.63934],[29.75393,46.61917],[29.75064,46.59348],[29.79883,46.5815],[29.81095,46.60065],[29.83278,46.60141],[29.84077,46.58236],[29.87984,46.58667],[29.87856,46.56255],[29.8906,46.55345],[29.90859,46.51689],[29.92949,46.51195],[29.92482,46.50406],[29.94476,46.50027],[29.94445,46.49253],[29.96059,46.51091],[29.95943,46.49066],[29.98393,46.50842],[30.00051,46.4721],[30.02419,46.47051],[30.02387,46.46277],[29.99886,46.46462],[30.00634,46.45148],[30.03284,46.45325],[30.0246,46.44019],[30.06813,46.44161],[30.0593,46.43062],[30.12731,46.41855],[30.17783,46.41955],[30.18395,46.45156],[30.20665,46.45792],[30.23869,46.44197],[30.26452,46.40768],[30.26893,46.38046],[30.30054,46.35675],[30.27476,46.29827],[30.21842,46.38633],[30.17341,46.38819],[30.12643,46.36797],[30.1045,46.33217],[30.16084,46.27836],[30.22304,46.23897],[30.37331,46.18526],[30.37519,46.13505],[30.42032,46.10664],[30.44301,46.05525],[30.49571,46.09961],[30.481,46.07807],[30.42195,46.03886],[30.23799,45.87556],[30.12954,45.81465],[30.04821,45.7572],[29.74056,45.58421],[29.60912,45.47566],[29.62001,45.46773],[29.62962,45.47077],[29.6438,45.45342],[29.65898,45.45637],[29.66126,45.46569],[29.6538,45.46809],[29.66166,45.47733],[29.67847,45.4702],[29.67003,45.46303],[29.68755,45.45772],[29.69115,45.46679],[29.70809,45.46354],[29.74742,45.48136],[29.74376,45.46156],[29.76641,45.46209],[29.75305,45.44611],[29.76277,45.4247],[29.74821,45.40212],[29.74851,45.3923],[29.75834,45.39236],[29.76348,45.33472],[29.73749,45.26551],[29.73746,45.2831],[29.71749,45.28207],[29.73677,45.2637],[29.73775,45.24495],[29.73112,45.24232],[29.74369,45.22817],[29.71877,45.22517],[29.7249,45.22301],[29.71989,45.21031],[29.71815,45.2165],[29.70164,45.22067],[29.70066,45.21109],[29.68908,45.20649],[29.68309,45.21253],[29.69095,45.2325],[29.67441,45.22592],[29.67495,45.21312],[29.65891,45.25039],[29.6768,45.26745],[29.67589,45.27934],[29.66944,45.29133],[29.65028,45.28525],[29.63954,45.24728],[29.67405,45.15762],[29.69692,45.15907],[29.67977,45.14382],[29.65571,45.0967],[29.61941,44.88292],[29.59901,44.88394],[29.59876,44.87617],[29.61458,44.87409],[29.61711,44.8521],[29.603,44.82649],[29.57732,44.80313],[29.60829,44.84013],[29.61607,44.86012],[29.61059,44.87095],[29.60643,44.84244],[29.56823,44.83322],[29.54901,44.81935],[29.34523,44.8038],[29.35049,44.8067],[29.33221,44.81312],[29.30777,44.80704],[29.33095,44.80262],[29.23878,44.79284],[29.14379,44.77182],[29.07781,44.7433],[29.00715,44.68735],[28.98301,44.70749],[28.97428,44.73936],[29.02226,44.74596],[29.12301,44.78257],[29.14617,44.8182],[29.09261,44.87024],[29.08357,44.85731],[29.09733,44.83521],[29.06921,44.82295],[29.04228,44.85044],[29.04364,44.86871],[29.03372,44.89008],[29.03748,44.92934],[29.04419,44.93979],[29.09806,44.95405],[29.10083,44.97596],[29.09065,44.98567],[29.04251,44.99762],[29.01067,44.99772],[29.00582,45.01422],[28.95861,45.01036],[28.95549,44.98365],[28.93074,44.98046],[28.94582,44.9874],[28.94414,45.00136],[28.93671,45.00371],[28.92571,44.9892],[28.92102,44.99884],[28.9184,44.98081],[28.88893,45.02038],[28.90702,44.98],[28.8608,44.95643],[28.85153,44.90944],[28.86139,44.89884],[28.85941,44.87874],[28.92429,44.8306],[28.95132,44.82166],[28.90788,44.8015],[28.92044,44.79818],[28.91294,44.77814],[28.91761,44.76849],[28.93998,44.75456],[28.93047,44.74756],[28.88616,44.74707],[28.8973,44.75474],[28.88957,44.75618],[28.82762,44.72678],[28.78158,44.71779],[28.80503,44.72903],[28.78367,44.72715],[28.774,44.70848],[28.735,44.71473],[28.72425,44.73036],[28.7136,44.73136],[28.71057,44.72315],[28.72749,44.7093],[28.782,44.70407],[28.77144,44.69044],[28.80594,44.68695],[28.77634,44.67394],[28.78457,44.64414],[28.79569,44.63331],[28.83028,44.63759],[28.91383,44.68828],[28.895,44.70057],[28.86471,44.70428],[28.88118,44.70413],[28.94813,44.69161],[28.94086,44.68322],[28.93125,44.68697],[28.89152,44.66905],[28.78476,44.59635],[28.79773,44.62025],[28.77662,44.61151],[28.77736,44.61722],[28.76058,44.61644],[28.76666,44.5734],[28.78998,44.58075],[28.78438,44.57302],[28.80014,44.57106],[28.77073,44.56582],[28.76222,44.55765],[28.74145,44.56834],[28.72143,44.54379],[28.72773,44.53482],[28.76216,44.55376],[28.77718,44.5461],[28.75091,44.49347],[28.7492,44.46649],[28.76224,44.45724],[28.77232,44.48461],[28.80929,44.52158],[28.82787,44.53469],[28.88572,44.5463],[28.90148,44.56285],[28.84388,44.49269],[28.74802,44.41114],[28.6889,44.34317],[28.65968,44.34178],[28.63216,44.32252],[28.63756,44.3186],[28.62402,44.28894],[28.62284,44.24821],[28.63148,44.2232],[28.65048,44.20796],[28.65549,44.1768],[28.66403,44.17033],[28.64413,44.16429],[28.65234,44.15691],[28.6392,44.15448],[28.64292,44.14598],[28.65573,44.1475],[28.64575,44.14253],[28.6662,44.14261],[28.64697,44.1384],[28.65557,44.13582],[28.66605,44.1085],[28.66134,44.11426],[28.64755,44.11001],[28.65469,44.11843],[28.6513,44.12784],[28.64266,44.12653],[28.64008,44.10067],[28.6244,44.09872],[28.62496,44.09276],[28.66362,44.09433],[28.66639,44.08698],[28.64303,44.08256],[28.63777,44.07184],[28.66692,43.98737],[28.63706,43.94612],[28.63609,43.92094],[28.60661,43.88059],[28.60716,43.84829],[28.59015,43.83488],[28.58662,43.80627],[28.57629,43.79258],[28.58638,43.78679],[28.57901,43.78134],[28.57451,43.74998]],[[29.6995,45.21522],[29.69659,45.22555],[29.69435,45.22696],[29.68877,45.21632],[29.6995,45.21522]]],[[[29.77967,45.43902],[29.77929,45.4557],[29.78262,45.45701],[29.77967,45.43902]]],[[[29.63533,45.47456],[29.62988,45.47853],[29.64611,45.47347],[29.63533,45.47456]]],[[[29.75017,45.22692],[29.75723,45.2236],[29.7452,45.22495],[29.75017,45.22692]]],[[[29.71519,45.2161],[29.71434,45.2104],[29.71045,45.21115],[29.71519,45.2161]]],[[[28.98185,45.00213],[28.97503,45.00242],[28.9764,45.00607],[28.98185,45.00213]]],[[[29.00127,44.9985],[28.99479,44.99971],[29.00291,44.99917],[29.00127,44.9985]]],[[[28.98798,45.00001],[28.98306,44.998],[28.98116,45.00031],[28.98798,45.00001]]],[[[28.96157,44.96303],[28.97406,44.97044],[28.98045,44.96535],[28.9752,44.96244],[28.96157,44.96303]]],[[[29.52475,44.77811],[29.53014,44.78489],[29.56045,44.79173],[29.54523,44.78099],[29.52475,44.77811]]],[[[28.93463,44.79553],[28.9355,44.79049],[28.93231,44.79304],[28.93463,44.79553]]],[[[29.00552,44.68668],[28.97325,44.65569],[28.98419,44.67021],[28.9507,44.69112],[28.98564,44.67774],[28.99848,44.68996],[29.00552,44.68668]]],[[[28.78151,44.71391],[28.78409,44.71343],[28.78145,44.71002],[28.78151,44.71391]]],[[[28.94249,44.68389],[28.96327,44.67316],[28.95755,44.66156],[28.95271,44.67807],[28.93685,44.67617],[28.94249,44.68389]]],[[[28.83989,44.68941],[28.83223,44.69473],[28.83454,44.69723],[28.84647,44.69598],[28.83989,44.68941]]],[[[28.85426,44.69843],[28.85453,44.69545],[28.84647,44.69598],[28.85426,44.69843]]],[[[28.82668,44.67237],[28.80378,44.67371],[28.83407,44.68854],[28.82133,44.68019],[28.82668,44.67237]]],[[[28.81456,44.66196],[28.81659,44.66743],[28.82343,44.67103],[28.81456,44.66196]]],[[[28.93837,44.62127],[28.93913,44.62698],[28.94888,44.631],[28.93837,44.62127]]],[[[28.93573,44.61787],[28.93206,44.61173],[28.92855,44.61336],[28.93573,44.61787]]],[[[28.92182,44.59902],[28.92881,44.61039],[28.93036,44.60717],[28.92182,44.59902]]],[[[28.79971,44.60331],[28.80424,44.60442],[28.80451,44.60144],[28.79971,44.60331]]],[[[28.9042,44.57014],[28.87863,44.5642],[28.87505,44.56195],[28.87478,44.56492],[28.88871,44.56914],[28.9042,44.57014]]],[[[28.77184,44.59485],[28.77157,44.59783],[28.77414,44.59735],[28.77184,44.59485]]],[[[28.7753,44.58934],[28.76948,44.58847],[28.77212,44.59188],[28.7753,44.58934]]],[[[28.87268,44.55557],[28.86876,44.5524],[28.86071,44.55293],[28.87268,44.55557]]],[[[28.88809,44.55268],[28.8399,44.54122],[28.83733,44.5417],[28.84132,44.54876],[28.88809,44.55268]]],[[[28.85199,44.55163],[28.84557,44.55283],[28.85078,44.55576],[28.85199,44.55163]]],[[[28.77128,44.55987],[28.76926,44.55439],[28.76742,44.56058],[28.77128,44.55987]]],[[[28.66221,44.15409],[28.6565,44.15711],[28.67175,44.15036],[28.66221,44.15409]]]],"type":"MultiPolygon"},"id":"1942-12-026","properties":{"Foreign_Po":"Axis","Govt_in_Ex":"","Head_of_St":"Ion Antonescu (Conducator)","Name":"Romania","editorialFlagIds":["HA-CAUTION-HEAD-OF-STATE"],"foreignPowerCategory":"axis","snapshotDate":"1942-12-31","sourceFeatureIndex":26,"yearMonth":"1942-12"},"type":"Feature"},{"geometry":{"coordinates":[[[19.11492,44.50117],[19.13798,44.53333],[19.17173,44.53507],[19.17818,44.55635],[19.193,44.54933],[19.22265,44.55047],[19.22302,44.56754],[19.23969,44.5784],[19.24803,44.61756],[19.27017,44.62887],[19.26923,44.64606],[19.29349,44.64672],[19.29422,44.66567],[19.31636,44.66936],[19.3169,44.67977],[19.29959,44.68799],[19.29155,44.70297],[19.30757,44.70247],[19.32382,44.75517],[19.33772,44.75771],[19.34478,44.81883],[19.38398,44.84187],[19.38432,44.8732],[19.37088,44.90292],[19.32238,44.92535],[19.33038,44.93223],[19.40155,44.93053],[19.40545,44.94443],[19.38233,44.96552],[19.38965,44.96866],[19.41274,44.96941],[19.43688,44.95391],[19.46162,44.97825],[19.49764,44.9759],[19.51848,44.98634],[19.59,44.97878],[19.62401,44.95852],[19.65205,44.95686],[19.6976,44.91933],[19.76052,44.9096],[19.756,44.89292],[19.73063,44.86584],[19.72797,44.85183],[19.73927,44.84031],[19.72285,44.82475],[19.72318,44.76957],[19.7459,44.74745],[19.81363,44.74292],[19.82302,44.72871],[19.86474,44.72186],[19.88899,44.70812],[19.97326,44.69903],[19.97764,44.69384],[19.96616,44.66927],[19.9052,44.6666],[19.90323,44.63539],[19.96271,44.63059],[20.08168,44.71034],[20.12156,44.72164],[20.15491,44.72026],[20.16553,44.70589],[20.16672,44.69149],[20.15203,44.69199],[20.14268,44.67864],[20.20332,44.67263],[20.21185,44.70891],[20.24481,44.71229],[20.23365,44.66295],[20.23896,44.64909],[20.25401,44.65045],[20.26114,44.65925],[20.28165,44.66101],[20.28646,44.70528],[20.29964,44.70396],[20.30691,44.75368],[20.35478,44.77743],[20.39666,44.77797],[20.40609,44.7913],[20.43365,44.80089],[20.43234,44.82101],[20.35737,44.8638],[20.33466,44.89843],[20.33502,44.92029],[20.31157,44.91787],[20.28783,44.96782],[20.28586,45.00512],[20.32751,45.03046],[20.35081,45.05192],[20.35364,45.0659],[20.34737,45.08175],[20.33066,45.09293],[20.33635,45.09427],[20.33217,45.10039],[20.30215,45.11955],[20.28425,45.14511],[20.29081,45.19106],[20.30544,45.19626],[20.30463,45.22582],[20.29163,45.25564],[20.26645,45.27904],[20.2847,45.29531],[20.26351,45.31166],[20.27492,45.32099],[20.2726,45.33643],[20.23924,45.33306],[20.22718,45.34755],[20.24296,45.4325],[20.17076,45.47376],[20.13232,45.5136],[20.12165,45.54218],[20.12821,45.56815],[20.1391,45.57469],[20.13385,45.58945],[20.09683,45.59587],[20.07946,45.58425],[20.05772,45.59868],[20.07069,45.60884],[20.07019,45.62693],[20.05676,45.62822],[20.0411,45.61832],[20.02401,45.62186],[20.02734,45.63863],[20.04282,45.6476],[20.04486,45.65785],[20.07364,45.65794],[20.07718,45.67564],[20.11176,45.67041],[20.11169,45.68372],[20.10223,45.69127],[20.11016,45.7171],[20.14223,45.71971],[20.15446,45.73277],[20.13878,45.75708],[20.13905,45.77889],[20.14974,45.7978],[20.10594,45.8191],[20.09908,45.8397],[20.10646,45.86272],[20.13323,45.86585],[20.14663,45.8845],[20.11644,45.90543],[20.11957,45.93456],[20.06734,45.95569],[20.06571,45.96818],[20.09467,45.96826],[20.13382,45.9778],[20.13803,45.98499],[20.12192,46.00077],[20.05626,45.9966],[20.03783,46.00784],[20.02447,46.03757],[20.02671,46.04875],[20.05997,46.04939],[20.08852,46.0609],[20.09021,46.06928],[20.06803,46.08942],[20.06632,46.1152],[20.0492,46.12631],[20.08307,46.12974],[20.09475,46.15329],[20.08653,46.16736],[20.0981,46.17669],[20.11081,46.15746],[20.1384,46.14344],[20.18,46.15748],[20.23069,46.12129],[20.24733,46.12822],[20.25008,46.11467],[20.26748,46.12532],[20.26266,46.11535],[20.28183,46.11444],[20.26384,46.10764],[20.27123,46.09649],[20.30048,46.08415],[20.3096,46.06808],[20.34115,46.04696],[20.33884,46.03579],[20.35568,46.00376],[20.34603,45.99711],[20.40513,45.96282],[20.44606,45.96733],[20.48252,45.95042],[20.51518,45.88922],[20.56845,45.9067],[20.58044,45.86559],[20.61105,45.86061],[20.65999,45.82525],[20.65085,45.80812],[20.66231,45.7908],[20.68349,45.79341],[20.69975,45.74708],[20.7734,45.75096],[20.78288,45.78231],[20.82183,45.77165],[20.81469,45.74481],[20.80133,45.73383],[20.79593,45.68303],[20.80451,45.65267],[20.76505,45.60918],[20.77096,45.57909],[20.79399,45.58432],[20.83225,45.53281],[20.76709,45.49673],[20.77601,45.48725],[20.76981,45.47743],[20.83252,45.47665],[20.86623,45.46173],[20.88,45.44317],[20.86592,45.42846],[20.91888,45.41436],[20.93429,45.39085],[20.93021,45.38462],[20.94776,45.38373],[20.95882,45.36543],[21.00926,45.34012],[21.01516,45.32331],[21.06044,45.33089],[21.05986,45.31571],[21.07912,45.31652],[21.09484,45.29485],[21.14185,45.3041],[21.15833,45.32329],[21.16264,45.31807],[21.17207,45.32372],[21.18057,45.319],[21.17791,45.3069],[21.18825,45.28579],[21.20463,45.27354],[21.19992,45.26453],[21.21546,45.24856],[21.27089,45.22827],[21.28729,45.24078],[21.32207,45.23794],[21.35506,45.221],[21.39073,45.21614],[21.40254,45.22628],[21.43249,45.20201],[21.4773,45.18944],[21.48925,45.17],[21.51293,45.16642],[21.52428,45.13846],[21.47373,45.11928],[21.46619,45.10391],[21.47763,45.08834],[21.45294,45.06914],[21.44632,45.05176],[21.45155,45.03878],[21.4186,45.03099],[21.4018,45.03475],[21.35486,45.01894],[21.40973,44.98524],[21.40257,44.97745],[21.43383,44.95969],[21.46577,44.9571],[21.54088,44.92964],[21.55583,44.8879],[21.47695,44.8681],[21.45917,44.86722],[21.44743,44.8752],[21.36602,44.868],[21.35047,44.83443],[21.3595,44.83248],[21.3548,44.82346],[21.37981,44.80829],[21.39844,44.77666],[21.53247,44.7722],[21.58368,44.75976],[21.60027,44.74357],[21.61259,44.71449],[21.6138,44.67808],[21.63036,44.66188],[21.69181,44.66539],[21.72165,44.65434],[21.79116,44.66356],[21.80521,44.6543],[21.92095,44.64758],[21.95445,44.63508],[21.99162,44.63264],[22.00435,44.6063],[22.02491,44.59051],[22.0372,44.53936],[22.06973,44.52309],[22.07934,44.49519],[22.14038,44.46882],[22.1842,44.47794],[22.23721,44.56531],[22.25846,44.58667],[22.27321,44.62028],[22.29863,44.63636],[22.31296,44.66236],[22.33906,44.67548],[22.38985,44.67891],[22.41582,44.70254],[22.4564,44.71387],[22.47347,44.7118],[22.565,44.63842],[22.60306,44.61747],[22.67277,44.61555],[22.708,44.59969],[22.75276,44.56252],[22.76339,44.54013],[22.69737,44.51294],[22.62724,44.54558],[22.58555,44.54594],[22.56423,44.53038],[22.55819,44.48902],[22.54871,44.47774],[22.51811,44.4681],[22.46868,44.47512],[22.45707,44.46601],[22.46537,44.43916],[22.49811,44.41887],[22.50603,44.37387],[22.52252,44.34216],[22.55763,44.30432],[22.65674,44.28722],[22.67942,44.27577],[22.68589,44.25293],[22.6691,44.20617],[22.66289,44.21366],[22.65259,44.2044],[22.64395,44.2074],[22.63676,44.18339],[22.62744,44.18359],[22.6332,44.17425],[22.61626,44.17062],[22.61337,44.16427],[22.6276,44.15675],[22.62794,44.14713],[22.60547,44.15376],[22.59712,44.14139],[22.6009,44.12942],[22.57117,44.12258],[22.5665,44.10879],[22.57502,44.09432],[22.55818,44.07438],[22.5402,44.07182],[22.53162,44.08055],[22.51253,44.07334],[22.48511,44.08151],[22.47527,44.09614],[22.46059,44.10178],[22.46195,44.07958],[22.40767,44.04795],[22.39258,44.0182],[22.37112,44.00646],[22.3717,43.95275],[22.39641,43.93343],[22.38644,43.92507],[22.39303,43.90798],[22.37846,43.84653],[22.35652,43.80995],[22.37614,43.77495],[22.39991,43.75764],[22.3933,43.7297],[22.40665,43.69642],[22.45023,43.66226],[22.47894,43.65485],[22.48955,43.63819],[22.47891,43.62129],[22.48955,43.61038],[22.49363,43.58301],[22.49001,43.55661],[22.45532,43.52737],[22.43408,43.48782],[22.3792,43.46779],[22.353,43.4461],[22.34468,43.40493],[22.37064,43.3],[20.23937,43.3],[20.1831,43.317],[20.17205,43.32768],[20.18541,43.33586],[20.1824,43.35431],[20.15451,43.39343],[20.152,43.42138],[20.11266,43.42154],[20.07435,43.434],[20.11209,43.45978],[20.1155,43.47757],[20.01077,43.50718],[19.99269,43.48799],[19.96462,43.49938],[19.95477,43.48891],[19.93513,43.50326],[19.82489,43.51794],[19.80528,43.52559],[19.80643,43.53883],[19.74471,43.53912],[19.73439,43.55443],[19.70451,43.57067],[19.69624,43.55431],[19.67255,43.57566],[19.6611,43.56342],[19.65454,43.58502],[19.56176,43.64632],[19.50802,43.66952],[19.4645,43.67649],[19.42397,43.75174],[19.43999,43.79692],[19.3156,43.91417],[19.31479,43.95423],[19.29154,43.96493],[19.28084,43.97924],[19.27944,44.00126],[19.29658,44.00826],[19.34394,43.99153],[19.37153,43.96804],[19.38022,43.97961],[19.39615,43.97242],[19.49399,43.98615],[19.5388,44.00669],[19.54605,43.99554],[19.55327,44.02057],[19.58026,44.0304],[19.59458,44.07951],[19.49018,44.08933],[19.48683,44.10011],[19.45463,44.12025],[19.45382,44.14507],[19.43194,44.149],[19.40804,44.1417],[19.36747,44.16734],[19.37007,44.19659],[19.35538,44.20365],[19.35659,44.21781],[19.33659,44.24724],[19.30065,44.26955],[19.29878,44.29636],[19.28272,44.29592],[19.28515,44.28714],[19.27809,44.28492],[19.26368,44.28624],[19.25386,44.29093],[19.2498,44.30557],[19.23632,44.28967],[19.21292,44.30795],[19.21036,44.33861],[19.15213,44.341],[19.10176,44.36546],[19.12494,44.46701],[19.11492,44.50117]]],"type":"Polygon"},"id":"1942-12-033","properties":{"Foreign_Po":"German-occupied","Govt_in_Ex":"King Peter II","Head_of_St":"Milan Nedic (Prime Minister)","Name":"Serbian Residual State","editorialFlagIds":["HA-CAUTION-HEAD-OF-STATE"],"foreignPowerCategory":"german_occupied","snapshotDate":"1942-12-31","sourceFeatureIndex":33,"yearMonth":"1942-12"},"type":"Feature"},{"geometry":{"coordinates":[[[19.0,49.39697],[19.03437,49.3947],[19.05271,49.41303],[19.07397,49.41605],[19.12124,49.40098],[19.19432,49.41208],[19.18527,49.43354],[19.19657,49.44582],[19.2246,49.45298],[19.22772,49.46121],[19.21864,49.46759],[19.23418,49.49366],[19.23258,49.50792],[19.26362,49.52991],[19.35914,49.53345],[19.36572,49.53668],[19.37008,49.56553],[19.39967,49.57253],[19.40908,49.58966],[19.44143,49.59548],[19.44756,49.611],[19.46673,49.61036],[19.47378,49.6013],[19.46769,49.59332],[19.4793,49.58482],[19.52223,49.56995],[19.56555,49.57859],[19.57034,49.60176],[19.58862,49.604],[19.62555,49.56037],[19.64694,49.54914],[19.7161,49.55367],[19.73047,49.53736],[19.82856,49.53841],[19.83242,49.52865],[19.79848,49.50138],[19.7781,49.43994],[19.79136,49.37655],[19.80188,49.36339],[19.79323,49.34338],[19.80343,49.32175],[19.79237,49.29723],[19.80917,49.29296],[19.81994,49.2741],[19.79154,49.26523],[19.78272,49.24429],[19.76572,49.23349],[19.75884,49.20767],[19.78167,49.19722],[19.80637,49.20263],[19.86775,49.19354],[19.90099,49.21141],[19.90184,49.22926],[19.98153,49.22984],[20.00847,49.21803],[20.00687,49.21062],[20.01954,49.20101],[20.07335,49.17737],[20.08675,49.17807],[20.08678,49.20544],[20.10195,49.22108],[20.09589,49.23389],[20.10075,49.24951],[20.12849,49.27535],[20.13454,49.30313],[20.14646,49.31717],[20.16121,49.30359],[20.17358,49.31286],[20.16671,49.32197],[20.17207,49.32622],[20.1678,49.35397],[20.14821,49.37931],[20.1483,49.44065],[20.13617,49.45966],[20.14296,49.47038],[20.24925,49.46184],[20.31406,49.41352],[20.3576,49.39635],[20.37293,49.40534],[20.38495,49.38631],[20.4065,49.39001],[20.41542,49.40336],[20.43261,49.39423],[20.42807,49.41353],[20.46662,49.41378],[20.50224,49.40106],[20.5103,49.39087],[20.57466,49.37453],[20.59791,49.38559],[20.61165,49.40037],[20.61359,49.4153],[20.65122,49.39857],[20.69134,49.41843],[20.7363,49.41421],[20.74435,49.41061],[20.74076,49.4015],[20.75504,49.39921],[20.74544,49.38972],[20.75966,49.38082],[20.75897,49.37144],[20.78279,49.37202],[20.78144,49.35986],[20.79802,49.36112],[20.80976,49.35434],[20.79694,49.3565],[20.79516,49.34249],[20.81072,49.34574],[20.83729,49.33282],[20.85356,49.34544],[20.86658,49.3442],[20.88157,49.33237],[20.87253,49.31906],[20.90277,49.32183],[20.90248,49.3143],[20.92604,49.29502],[20.963,49.30753],[20.98469,49.30544],[20.99222,49.31227],[20.98849,49.32776],[21.00782,49.3344],[21.01045,49.34549],[21.04133,49.3633],[21.09332,49.36392],[21.10343,49.37523],[21.0537,49.40276],[21.04642,49.41576],[21.05332,49.41982],[21.09677,49.42789],[21.11183,49.42264],[21.12508,49.43458],[21.15106,49.42542],[21.17925,49.40091],[21.20766,49.4019],[21.22573,49.41525],[21.22339,49.42399],[21.23355,49.43529],[21.26568,49.44536],[21.26648,49.45474],[21.2763,49.4585],[21.30593,49.4461],[21.34207,49.44819],[21.372,49.43102],[21.39608,49.43239],[21.43665,49.41035],[21.47277,49.41239],[21.48824,49.42692],[21.51513,49.41569],[21.52842,49.43327],[21.55014,49.43107],[21.56258,49.43927],[21.58581,49.43123],[21.63076,49.44464],[21.66022,49.41417],[21.72145,49.40978],[21.72686,49.39596],[21.7631,49.38086],[21.76634,49.36442],[21.77869,49.35462],[21.78759,49.35465],[21.78631,49.36709],[21.79635,49.37742],[21.8336,49.38965],[21.84809,49.38245],[21.85611,49.36741],[21.88307,49.36838],[21.90192,49.34936],[21.96064,49.34698],[21.98191,49.30874],[22.03268,49.27589],[22.02885,49.26113],[22.04015,49.2533],[22.03224,49.23992],[22.03467,49.22071],[22.06011,49.21042],[22.14287,49.19873],[22.14238,49.1912],[22.18767,49.17211],[22.20975,49.183],[22.23059,49.17791],[22.1924,49.14505],[22.18996,49.12445],[22.20094,49.10999],[22.19586,49.08494],[22.18436,49.0748],[22.20747,49.03911],[22.18856,49.02314],[22.18159,49.00208],[22.21112,48.96854],[22.20701,48.94717],[22.15708,48.89662],[22.17629,48.84616],[22.14553,48.80112],[22.1336,48.75499],[22.11719,48.73115],[22.06354,48.699],[22.06687,48.68347],[22.08585,48.68332],[22.09415,48.67578],[22.07067,48.66978],[22.06024,48.65762],[22.06949,48.6424],[22.13585,48.62762],[22.13393,48.59747],[22.11427,48.59486],[22.1306,48.57316],[22.08562,48.57425],[22.04014,48.60762],[22.00937,48.59575],[21.98375,48.61558],[21.92813,48.59782],[21.87832,48.61451],[21.87623,48.60619],[21.86628,48.60725],[21.88429,48.55129],[21.86921,48.53772],[21.82783,48.53547],[21.82251,48.555],[21.83359,48.56426],[21.80471,48.56542],[21.78773,48.55584],[21.75946,48.57114],[21.75006,48.56265],[21.75678,48.54867],[21.74784,48.54203],[21.75429,48.53282],[21.70339,48.53911],[21.67637,48.51825],[21.63048,48.52115],[21.59086,48.55559],[21.56705,48.54764],[21.5417,48.55121],[21.52563,48.56898],[21.4972,48.57191],[21.46808,48.59006],[21.46059,48.61925],[21.44732,48.63671],[21.44844,48.65933],[21.48909,48.67032],[21.4996,48.68345],[21.49803,48.69498],[21.4876,48.69416],[21.47387,48.70977],[21.44473,48.72223],[21.40959,48.72202],[21.37406,48.73226],[21.33396,48.72969],[21.30551,48.76949],[21.27773,48.78175],[21.24684,48.78106],[21.24187,48.76641],[21.22253,48.77119],[21.18516,48.81088],[21.16701,48.81458],[21.13389,48.81692],[21.15943,48.78884],[21.14085,48.77838],[21.10226,48.7822],[21.09624,48.76292],[21.02963,48.7657],[20.96989,48.77912],[20.93255,48.75059],[20.93415,48.69461],[20.88413,48.67393],[20.84159,48.68563],[20.82534,48.67206],[20.76572,48.66645],[20.68894,48.68799],[20.64268,48.70279],[20.64718,48.74207],[20.57127,48.76816],[20.5407,48.73605],[20.53569,48.70059],[20.46647,48.69762],[20.46462,48.68928],[20.47664,48.67776],[20.45031,48.67077],[20.44663,48.66071],[20.43234,48.65543],[20.43439,48.66469],[20.40236,48.65821],[20.40623,48.64273],[20.39705,48.6209],[20.36402,48.62963],[20.36363,48.61454],[20.34774,48.60183],[20.28965,48.61569],[20.29079,48.65433],[20.27952,48.67616],[20.23951,48.67982],[20.2204,48.65888],[20.1715,48.64821],[20.19192,48.64163],[20.21546,48.61587],[20.21959,48.60131],[20.21115,48.56901],[20.1878,48.55507],[20.16662,48.55795],[20.16283,48.54034],[20.14371,48.53924],[20.12858,48.51604],[20.14246,48.50628],[20.13885,48.49621],[20.10938,48.46014],[20.08025,48.47317],[20.03981,48.47397],[20.01577,48.45629],[20.02568,48.43462],[20.01579,48.40149],[19.85245,48.40281],[19.84484,48.39404],[19.8312,48.39808],[19.81307,48.38739],[19.80465,48.39569],[19.75668,48.38762],[19.76188,48.37772],[19.68892,48.37464],[19.67822,48.35763],[19.63597,48.36318],[19.6179,48.35246],[19.59592,48.35813],[19.58043,48.37457],[19.55855,48.37362],[19.5903,48.33029],[19.54711,48.30945],[19.55555,48.30117],[19.54622,48.29064],[19.56076,48.26957],[19.53664,48.27164],[19.53077,48.24948],[19.54432,48.23793],[19.53624,48.22635],[19.51072,48.22853],[19.47025,48.19894],[19.45953,48.21024],[19.47307,48.22042],[19.45268,48.21932],[19.44601,48.22933],[19.42405,48.2057],[19.43683,48.1829],[19.4609,48.18085],[19.45901,48.16402],[19.39758,48.1664],[19.3831,48.17329],[19.35585,48.14443],[19.32188,48.14729],[19.28246,48.15909],[19.29029,48.16977],[19.26673,48.16702],[19.24975,48.17598],[19.2422,48.19643],[19.22252,48.19146],[19.21864,48.20122],[19.19328,48.18917],[19.19419,48.20136],[19.18285,48.2023],[19.15483,48.18385],[19.15571,48.17339],[19.13002,48.15192],[19.07833,48.14483],[19.03016,48.16386],[19.05351,48.18838],[19.03932,48.19708],[19.0,48.19576],[19.0,49.39697]]],"type":"Polygon"},"id":"1942-12-029","properties":{"Foreign_Po":"Axis","Govt_in_Ex":"Edvard Beneš (President)","Head_of_St":"Jozef Tiso (President)","Name":"Slovakia","editorialFlagIds":["HA-CAUTION-HEAD-OF-STATE"],"foreignPowerCategory":"axis","snapshotDate":"1942-12-31","sourceFeatureIndex":29,"yearMonth":"1942-12"},"type":"Feature"},{"geometry":{"coordinates":[[[[30.67716,52.27365],[30.70184,52.30432],[30.78366,52.33187],[30.94628,52.28499],[31.07712,52.29597],[31.16228,52.32952],[31.19674,52.36912],[31.23447,52.38576],[31.2892,52.39062],[31.30147,52.41179],[31.29605,52.43027],[31.26389,52.4574],[31.26883,52.46722],[31.27572,52.47767],[31.32681,52.48804],[31.3456,52.49929],[31.35267,52.51653],[31.34109,52.55849],[31.30267,52.58964],[31.30778,52.6],[34.25303,52.6],[34.5,52.54585],[34.5,50.29114],[34.45705,50.31413],[34.43845,50.35473],[34.43893,50.40404],[34.41347,50.46092],[34.33792,50.47916],[34.26854,50.47133],[34.23797,50.42457],[34.10991,50.41343],[34.0525,50.44734],[34.0278,50.48907],[34.00522,50.50865],[33.95878,50.51649],[33.84981,50.47636],[33.66581,50.4873],[33.48508,50.47168],[33.22597,50.49545],[33.10857,50.51543],[33.03548,50.51454],[32.92587,50.4768],[32.86007,50.46846],[32.77578,50.43338],[32.7083,50.41845],[32.59482,50.43027],[32.52302,50.46214],[32.45291,50.47892],[32.39043,50.47359],[32.26912,50.43571],[32.21602,50.4363],[32.08394,50.46099],[31.97781,50.51277],[31.85763,50.60322],[31.78055,50.6765],[31.68484,50.70927],[31.58482,50.71738],[31.55294,50.69411],[31.54201,50.67178],[31.50878,50.65851],[31.46063,50.66948],[31.41027,50.66621],[31.39784,50.64708],[31.34996,50.62287],[31.31985,50.59631],[31.29334,50.60319],[31.27384,50.64091],[31.2823,50.68124],[31.24567,50.73575],[31.12264,50.75159],[30.95846,50.73392],[30.84731,50.7648],[30.78464,50.75862],[30.76477,50.78651],[30.77648,50.82134],[30.75616,50.84833],[30.72268,50.87087],[30.72178,50.91574],[30.65493,50.97141],[30.59374,50.98231],[30.58202,51.0145],[30.6128,51.07994],[30.62313,51.13541],[30.5881,51.15522],[30.56447,51.2565],[30.58323,51.27941],[30.58434,51.29184],[30.56532,51.30878],[30.56786,51.31416],[30.59031,51.31117],[30.67156,51.34829],[30.65038,51.35398],[30.64834,51.36308],[30.66278,51.38675],[30.65187,51.39062],[30.63419,51.42385],[30.59318,51.42816],[30.59521,51.45596],[30.62726,51.46294],[30.62477,51.47115],[30.59659,51.47902],[30.5925,51.50401],[30.57126,51.51647],[30.59542,51.54039],[30.59293,51.5486],[30.55473,51.54558],[30.53814,51.5679],[30.55889,51.58465],[30.51946,51.59931],[30.54741,51.61772],[30.54957,51.62899],[30.57388,51.6296],[30.56381,51.64883],[30.59073,51.6616],[30.56848,51.70237],[30.57763,51.71145],[30.62166,51.70958],[30.63441,51.71608],[30.63,51.72365],[30.6371,51.74183],[30.65903,51.75741],[30.65611,51.76471],[30.62879,51.77144],[30.6318,51.77771],[30.66853,51.7839],[30.67905,51.80245],[30.66736,51.83168],[30.70309,51.83902],[30.71436,51.86909],[30.75482,51.90279],[30.79606,51.90137],[30.8232,51.91409],[30.83096,51.92341],[30.8189,51.95176],[30.84495,51.95883],[30.84459,51.96473],[30.86542,51.96106],[30.87573,51.96896],[30.89875,51.96976],[30.89444,51.98412],[30.9137,51.99044],[30.89381,52.0027],[30.90239,52.00701],[30.87255,52.04531],[30.81393,52.09446],[30.81813,52.12966],[30.76402,52.15175],[30.71296,52.18686],[30.71521,52.22822],[30.67716,52.27365]]],[[[31.94912,46.18079],[31.85195,46.19444],[31.80475,46.20437],[31.94912,46.18079]]],[[[31.98479,46.17716],[31.99951,46.17797],[32.02348,46.17386],[32.01441,46.17283],[31.98479,46.17716]]],[[[32.19528,46.13814],[32.04655,46.17091],[32.11975,46.15825],[32.19528,46.13814]]],[[[31.96751,46.20246],[31.97185,46.20253],[31.97244,46.19748],[31.96751,46.20246]]],[[[31.69381,46.27086],[31.6786,46.2593],[31.67506,46.26102],[31.69381,46.27086]]],[[[31.51421,46.33861],[31.52193,46.36253],[31.5371,46.3643],[31.53427,46.31581],[31.54587,46.2869],[31.60213,46.24871],[31.63274,46.24332],[31.67379,46.24851],[31.68178,46.2439],[31.64781,46.23527],[31.80475,46.20437],[31.64318,46.23132],[31.57797,46.2557],[31.55029,46.2742],[31.51885,46.31017],[31.51421,46.33861]]],[[[31.73026,46.27208],[31.74157,46.27168],[31.74077,46.26988],[31.73026,46.27208]]],[[[32.89181,46.01458],[32.73639,46.03222],[32.55029,46.06421],[32.63909,46.05758],[32.78788,46.02874],[32.86611,46.06078],[32.91185,46.0358],[32.92914,46.03591],[32.94414,46.0464],[32.97894,46.02876],[33.04078,46.02581],[33.07076,46.01019],[32.89181,46.01458]]],[[[32.7382,46.10684],[32.67775,46.09744],[32.65292,46.10585],[32.58307,46.09156],[32.64113,46.1114],[32.67801,46.10725],[32.74368,46.1155],[32.7382,46.10684]]],[[[31.76673,46.32143],[31.69924,46.2766],[31.76056,46.32371],[31.81786,46.33921],[31.76673,46.32143]]],[[[32.87446,46.11523],[32.83255,46.10871],[32.81771,46.11693],[32.79438,46.1132],[32.76827,46.12193],[32.74368,46.1155],[32.77208,46.12701],[32.83591,46.11587],[32.85487,46.12253],[32.87446,46.11523]]],[[[31.72998,46.42243],[31.76336,46.39091],[31.76572,46.37371],[31.72998,46.42243]]],[[[32.02743,46.38549],[32.03333,46.39211],[32.03482,46.38589],[32.02743,46.38549]]],[[[31.41659,46.59608],[31.41077,46.59924],[31.41462,46.60139],[31.41659,46.59608]]],[[[31.99457,46.50355],[31.99557,46.4994],[31.99202,46.50114],[31.99457,46.50355]]],[[[31.91322,46.52164],[31.905,46.51944],[31.90064,46.51937],[31.90094,46.52324],[31.91322,46.52164]]],[[[31.89171,46.52517],[31.88329,46.5289],[31.89689,46.52704],[31.89171,46.52517]]],[[[31.90521,46.52627],[31.90085,46.52621],[31.90166,46.528],[31.90521,46.52627]]],[[[32.09327,46.50137],[32.11178,46.51024],[32.114,46.50878],[32.10199,46.50149],[32.09327,46.50137]]],[[[32.27621,46.48114],[32.28065,46.47822],[32.27629,46.47817],[32.27621,46.48114]]],[[[32.25797,46.49488],[32.26899,46.49055],[32.27121,46.4891],[32.2656,46.48635],[32.25797,46.49488]]],[[[32.25492,46.49454],[32.25172,46.50015],[32.25797,46.49488],[32.25492,46.49454]]],[[[32.28027,46.49306],[32.27368,46.49447],[32.26883,46.49649],[32.28027,46.49306]]],[[[32.28767,46.5279],[32.2909,46.53804],[32.29444,46.5363],[32.29459,46.53036],[32.28767,46.5279]]],[[[33.17131,45.80159],[33.1769,45.80131],[33.17135,45.79564],[33.17131,45.80159]]],[[[33.44705,45.83881],[33.44145,45.8391],[33.45694,45.84447],[33.44705,45.83881]]],[[[33.5198,45.86771],[33.51937,45.86384],[33.51679,45.86443],[33.5198,45.86771]]],[[[33.52884,45.87455],[33.52799,45.86979],[33.5198,45.86771],[33.52884,45.87455]]],[[[33.02863,46.11254],[32.93522,46.10371],[32.87706,46.11465],[32.93817,46.10997],[33.016,46.11931],[33.02863,46.11254]]],[[[33.20473,46.06809],[33.20126,46.06986],[33.20428,46.07017],[33.20473,46.06809]]],[[[33.01812,46.12378],[33.02542,46.13006],[33.02633,46.1259],[33.01812,46.12378]]],[[[33.02796,46.13542],[33.0305,46.14078],[33.03184,46.13752],[33.02796,46.13542]]],[[[33.4237,46.03827],[33.42242,46.02965],[33.36605,46.07712],[33.36949,46.08129],[33.4237,46.03827]]],[[[33.29163,46.07815],[33.30938,46.07611],[33.28427,46.07784],[33.28158,46.09626],[33.29163,46.07815]]],[[[33.19793,46.11116],[33.20962,46.1115],[33.21184,46.10408],[33.20143,46.10642],[33.19793,46.11116]]],[[[33.36038,46.0893],[33.33083,46.1148],[33.31616,46.10526],[33.33428,46.11897],[33.3469,46.10324],[33.37204,46.09556],[33.36038,46.0893]]],[[[33.14233,46.13355],[33.19358,46.17445],[33.18549,46.15451],[33.13202,46.124],[33.08124,46.13537],[33.06807,46.15314],[33.02301,46.15233],[33.01731,46.15855],[33.04847,46.16345],[33.06804,46.15612],[33.08682,46.14104],[33.12328,46.13288],[33.14233,46.13355]]],[[[33.28571,46.13193],[33.24799,46.13747],[33.20994,46.12725],[33.22156,46.13947],[33.24969,46.14402],[33.3113,46.12516],[33.31266,46.11297],[33.28571,46.13193]]],[[[33.20791,46.17123],[33.2109,46.17748],[33.2253,46.16237],[33.22272,46.15998],[33.20791,46.17123]]],[[[33.21128,46.18431],[33.20866,46.18787],[33.21424,46.19651],[33.21128,46.18431]]],[[[33.54992,46.1293],[33.55425,46.12633],[33.54602,46.12425],[33.54992,46.1293]]],[[[33.22582,46.21467],[33.20214,46.18933],[33.18651,46.19285],[33.20037,46.19468],[33.22794,46.2221],[33.228,46.21319],[33.22285,46.20545],[33.22582,46.21467]]],[[[34.23011,46.01483],[34.23572,46.0145],[34.23003,46.00889],[34.23011,46.01483]]],[[[33.92993,46.09418],[33.92169,46.09213],[33.9281,46.0817],[33.92204,46.08113],[33.90919,46.09901],[33.92608,46.10103],[33.92993,46.09418]]],[[[34.20981,46.04944],[34.20597,46.05333],[34.2107,46.05122],[34.20981,46.04944]]],[[[34.26028,46.0405],[34.26162,46.04317],[34.26376,46.04167],[34.26028,46.0405]]],[[[34.08561,46.08164],[34.07638,46.10962],[34.09603,46.08515],[34.08561,46.08164]]],[[[32.48473,45.4056],[32.54267,45.45499],[32.64861,45.50655],[32.69324,45.52329],[32.69004,45.51017],[32.69561,45.50992],[32.71345,45.5178],[32.71284,45.52881],[32.79067,45.56184],[32.80406,45.5539],[32.81899,45.55847],[32.82855,45.54842],[32.84572,45.57621],[32.84048,45.58331],[32.82076,45.58377],[32.82325,45.58914],[32.9113,45.64059],[33.09638,45.71266],[33.13886,45.71789],[33.15501,45.73997],[33.16709,45.78968],[33.18013,45.77188],[33.20949,45.75533],[33.26281,45.75311],[33.35811,45.78783],[33.42639,45.83463],[33.43758,45.83702],[33.41695,45.82093],[33.42985,45.82987],[33.44837,45.82365],[33.45438,45.83317],[33.4716,45.83616],[33.47158,45.84805],[33.48923,45.85491],[33.50044,45.83945],[33.52541,45.8466],[33.54265,45.83471],[33.56289,45.86474],[33.57969,45.86682],[33.61375,45.8897],[33.63959,45.87184],[33.65553,45.87213],[33.68433,45.84266],[33.6806,45.906],[33.69483,45.90568],[33.72638,45.92615],[33.75138,45.92135],[33.76003,45.92728],[33.74243,45.95021],[33.68547,45.95445],[33.65439,45.9527],[33.63582,45.94112],[33.6177,45.9453],[33.63153,45.96194],[33.6148,46.05202],[33.64252,46.08231],[33.60711,46.14891],[33.58112,46.15783],[33.56681,46.13733],[33.54689,46.13495],[33.53823,46.11712],[33.51181,46.12216],[33.51616,46.09839],[33.56118,46.07521],[33.51791,46.08115],[33.49888,46.0746],[33.49415,46.0529],[33.51708,46.02884],[33.49158,46.02972],[33.46258,46.0502],[33.44747,46.03979],[33.42195,46.04362],[33.44733,46.1022],[33.54208,46.2648],[33.57075,46.29392],[33.61117,46.29658],[33.64765,46.28824],[33.72266,46.24031],[33.69872,46.21806],[33.69224,46.22847],[33.68356,46.22551],[33.70868,46.21181],[33.72392,46.22813],[33.72776,46.2094],[33.73643,46.20642],[33.73517,46.2186],[33.74075,46.20047],[33.71949,46.19842],[33.68309,46.21273],[33.6697,46.2386],[33.66229,46.22345],[33.64366,46.24159],[33.6289,46.23804],[33.63801,46.23892],[33.6679,46.21126],[33.70214,46.19845],[33.71336,46.18001],[33.70249,46.16962],[33.73067,46.17107],[33.72629,46.15919],[33.7159,46.16158],[33.71242,46.15742],[33.73709,46.14877],[33.74917,46.13508],[33.77043,46.14306],[33.7808,46.13769],[33.77516,46.13503],[33.78119,46.12669],[33.77339,46.12552],[33.80408,46.11446],[33.81375,46.14297],[33.83111,46.14887],[33.81164,46.15337],[33.80353,46.17806],[33.82393,46.18425],[33.82774,46.16552],[33.84462,46.16161],[33.83386,46.17501],[33.84468,46.1735],[33.86064,46.15889],[33.86442,46.14016],[33.83873,46.11734],[33.84648,46.1096],[33.8279,46.11589],[33.8222,46.10134],[33.84904,46.10305],[33.88743,46.08124],[33.90144,46.04226],[33.88632,46.0438],[33.88496,46.03518],[33.87459,46.03462],[33.88146,46.02806],[33.89405,46.03604],[33.90522,46.0265],[33.91305,46.0336],[33.90846,46.05651],[33.93711,46.07068],[33.94699,46.06143],[33.93748,46.06265],[33.94343,46.04836],[33.93001,46.04752],[33.9317,46.04216],[33.94685,46.04359],[33.95152,46.03258],[33.9817,46.02354],[33.94736,46.0534],[33.99285,46.06363],[33.9899,46.07226],[33.97558,46.06667],[33.97477,46.0738],[33.95999,46.06435],[33.96094,46.07505],[33.95312,46.07091],[33.93461,46.08317],[33.94326,46.08314],[33.9468,46.09323],[34.02305,46.10125],[34.05841,46.08801],[34.06827,46.07875],[34.06471,46.06866],[34.07715,46.05879],[34.08113,46.0668],[34.06865,46.07369],[34.08551,46.07272],[34.09344,46.04504],[34.11676,46.04254],[34.13266,46.03383],[34.13171,46.02611],[34.15971,46.01852],[34.16821,46.00659],[34.14817,45.99243],[34.188,45.99993],[34.14184,45.96809],[34.12991,45.98183],[34.10311,45.98018],[34.12396,45.95243],[34.15417,45.95226],[34.15141,45.93801],[34.16874,45.94385],[34.17903,45.93844],[34.18383,45.94228],[34.1731,45.9468],[34.19508,45.94459],[34.20426,45.95435],[34.2223,45.9471],[34.20866,45.96027],[34.19967,46.00016],[34.18209,46.01126],[34.18786,46.02282],[34.16628,46.02592],[34.17652,46.01456],[34.16614,46.01403],[34.13538,46.04511],[34.11386,46.05415],[34.10644,46.04794],[34.11358,46.06812],[34.133,46.06356],[34.13739,46.06948],[34.14754,46.04921],[34.16842,46.0592],[34.17049,46.05175],[34.18908,46.05135],[34.19891,46.04208],[34.21668,46.04583],[34.24028,46.03231],[34.2427,46.01981],[34.23063,46.02167],[34.22752,46.01544],[34.23003,46.00889],[34.23386,46.005],[34.23338,46.00114],[34.23766,45.99814],[34.23883,45.98891],[34.24924,45.99241],[34.24069,45.99842],[34.2396,46.01358],[34.25539,46.03072],[34.25825,46.01911],[34.26645,46.01816],[34.25891,46.03486],[34.27976,46.04186],[34.27253,46.05052],[34.28667,46.04121],[34.27469,46.02019],[34.28308,46.0023],[34.31033,46.00478],[34.32218,45.98805],[34.33874,45.99804],[34.33153,46.00671],[34.33728,46.01529],[34.31541,46.02645],[34.33791,46.02807],[34.31804,46.02881],[34.31385,46.03775],[34.32027,46.03325],[34.34104,46.03429],[34.33965,46.02865],[34.3466,46.03098],[34.34367,46.03665],[34.33671,46.03432],[34.34024,46.03846],[34.35534,46.03686],[34.36941,46.02456],[34.36673,46.01923],[34.39073,46.00656],[34.40999,45.97014],[34.44258,45.95739],[34.44971,45.94573],[34.48945,45.92428],[34.49275,45.91652],[34.47815,45.89613],[34.48594,45.87436],[34.5,45.8747],[34.5,45.80318],[34.49067,45.80354],[34.48709,45.79643],[34.49698,45.79605],[34.4943,45.79072],[34.47558,45.80218],[34.46435,45.7999],[34.47419,45.79655],[34.47609,45.78315],[34.5,45.78338],[34.5,44.72895],[34.45916,44.70989],[34.41639,44.6715],[34.37757,44.61218],[34.37304,44.59135],[34.34977,44.58109],[34.34758,44.54771],[34.30776,44.55248],[34.2769,44.53809],[34.27336,44.52499],[34.25127,44.50546],[34.16805,44.49286],[34.12958,44.42747],[34.06457,44.42035],[34.0309,44.40261],[33.98524,44.40073],[33.97135,44.39213],[33.86133,44.40773],[33.78796,44.38853],[33.73731,44.38774],[33.70684,44.4209],[33.66914,44.41796],[33.65072,44.42633],[33.63487,44.46989],[33.61518,44.4875],[33.59379,44.49556],[33.5552,44.48781],[33.50527,44.50361],[33.48808,44.49674],[33.46748,44.52147],[33.40106,44.55897],[33.3783,44.58219],[33.40097,44.58878],[33.40102,44.57089],[33.40857,44.57508],[33.4128,44.56614],[33.41485,44.58552],[33.42538,44.57212],[33.43673,44.57243],[33.42323,44.59448],[33.44002,44.60344],[33.44802,44.59361],[33.44884,44.60733],[33.46775,44.60884],[33.46693,44.59512],[33.4749,44.60914],[33.50432,44.61513],[33.52618,44.61692],[33.52619,44.59903],[33.53376,44.60321],[33.53417,44.61603],[33.59051,44.61066],[33.56192,44.62438],[33.53585,44.62259],[33.51187,44.63123],[33.53332,44.64107],[33.54762,44.67149],[33.53536,44.7916],[33.55139,44.81068],[33.55476,44.83869],[33.5725,44.8375],[33.6008,44.85269],[33.61353,44.9093],[33.60132,44.97276],[33.60558,44.99659],[33.59544,45.02579],[33.56408,45.08477],[33.51652,45.1336],[33.43571,45.18416],[33.40294,45.19573],[33.38126,45.19481],[33.3503,45.1742],[33.30865,45.17292],[33.28414,45.14784],[33.25992,45.14748],[33.2296,45.1733],[33.18617,45.18328],[33.14988,45.2025],[33.0654,45.27627],[33.00878,45.3129],[32.90801,45.36144],[32.85716,45.36796],[32.75013,45.36333],[32.65246,45.314],[32.49492,45.34706],[32.51383,45.36064],[32.51616,45.37198],[32.50995,45.38323],[32.48077,45.39067],[32.48473,45.4056]],[[33.94595,46.03884],[33.93903,46.03946],[33.94851,46.03526],[33.94595,46.03884]],[[34.1248,46.02674],[34.12476,46.02377],[34.13171,46.02611],[34.1248,46.02674]],[[34.24924,45.99241],[34.25005,45.98825],[34.25098,45.993],[34.24924,45.99241]],[[34.30702,46.00125],[34.30726,46.00153],[34.30698,46.00154],[34.30702,46.00125]],[[34.30374,45.9974],[34.30762,45.99648],[34.30702,46.00125],[34.30374,45.9974]],[[33.59766,44.60798],[33.59934,44.61155],[33.59051,44.61066],[33.59766,44.60798]],[[34.23742,45.9803],[34.22926,45.98422],[34.22878,45.98036],[34.23742,45.9803]],[[33.96481,46.01856],[33.95917,46.0159],[33.9591,46.00698],[33.96481,46.01856]]],[[[34.48531,45.79288],[34.48179,45.78875],[34.4814,45.79083],[34.48531,45.79288]]],[[[34.49341,45.78894],[34.5,45.79301],[34.5,45.78976],[34.49341,45.78894]]],[[[34.5,45.79753],[34.49709,45.802],[34.5,45.8013],[34.5,45.79753]]],[[[34.32606,46.01597],[34.30646,46.0057],[34.31403,46.02081],[34.32606,46.01597]]]],"type":"MultiPolygon"},"id":"1942-12-028","properties":{"Foreign_Po":"Allies","Govt_in_Ex":"","Head_of_St":"Joseph Stalin (General Secretary)","Name":"Soviet Union","editorialFlagIds":["HA-CAUTION-HEAD-OF-STATE"],"foreignPowerCategory":"allied","snapshotDate":"1942-12-31","sourceFeatureIndex":28,"yearMonth":"1942-12"},"type":"Feature"},{"geometry":{"coordinates":[[[30.44301,46.05525],[30.42032,46.10664],[30.37519,46.13505],[30.37331,46.18526],[30.22304,46.23897],[30.16084,46.27836],[30.1045,46.33217],[30.12643,46.36797],[30.17341,46.38819],[30.21842,46.38633],[30.27476,46.29827],[30.30054,46.35675],[30.26893,46.38046],[30.26452,46.40768],[30.23869,46.44197],[30.20665,46.45792],[30.18395,46.45156],[30.17783,46.41955],[30.12731,46.41855],[30.0593,46.43062],[30.06813,46.44161],[30.0246,46.44019],[30.03284,46.45325],[30.00634,46.45148],[29.99886,46.46462],[30.02387,46.46277],[30.02419,46.47051],[30.00051,46.4721],[29.98393,46.50842],[29.95943,46.49066],[29.96059,46.51091],[29.94445,46.49253],[29.94476,46.50027],[29.92482,46.50406],[29.92949,46.51195],[29.90859,46.51689],[29.8906,46.55345],[29.87856,46.56255],[29.87984,46.58667],[29.84077,46.58236],[29.83278,46.60141],[29.81095,46.60065],[29.79883,46.5815],[29.75064,46.59348],[29.75393,46.61917],[29.78656,46.63934],[29.76733,46.67315],[29.71122,46.67295],[29.68737,46.69201],[29.70035,46.71685],[29.68187,46.74562],[29.69135,46.77598],[29.66818,46.79685],[29.64232,46.81821],[29.60797,46.81874],[29.55482,46.77993],[29.52416,46.78949],[29.50237,46.81395],[29.51262,46.85],[29.48763,46.87016],[29.47811,46.90012],[29.48457,46.93395],[29.44756,46.96019],[29.37494,46.93751],[29.34156,46.95137],[29.31885,46.98467],[29.32627,46.99595],[29.38702,46.99265],[29.39544,47.00278],[29.37251,47.02835],[29.4032,47.03636],[29.40597,47.06113],[29.37482,47.08431],[29.36312,47.11268],[29.3313,47.10194],[29.31384,47.11968],[29.32003,47.13508],[29.27426,47.17251],[29.24175,47.14924],[29.21209,47.16916],[29.20484,47.15104],[29.21415,47.13091],[29.2041,47.10941],[29.17668,47.12406],[29.13758,47.09127],[29.09811,47.12652],[29.20327,47.20862],[29.18196,47.23866],[29.12733,47.2834],[29.12284,47.30847],[29.09203,47.3295],[29.07576,47.36151],[29.10814,47.36254],[29.15455,47.31154],[29.17718,47.33175],[29.17516,47.3593],[29.15503,47.38522],[29.1127,47.41025],[29.10247,47.42468],[29.13311,47.45028],[29.12343,47.47335],[29.0957,47.49866],[29.06323,47.51219],[29.0476,47.546],[29.04977,47.56598],[28.99727,47.62083],[29.0005,47.64354],[28.97752,47.72519],[28.99206,47.74687],[28.98069,47.77698],[28.99469,47.80457],[29.02725,47.83085],[29.03023,47.8565],[28.96015,47.89398],[28.92185,47.89001],[28.88632,47.90395],[28.84708,47.90496],[28.83255,47.92008],[28.83754,47.9473],[28.77838,47.99434],[28.74844,47.9782],[28.71147,47.99619],[28.71221,48.02026],[28.68862,48.03497],[28.6446,48.02412],[28.62512,48.0381],[28.59776,48.03213],[28.58734,48.00198],[28.55561,48.00353],[28.53826,48.02293],[28.55095,48.04399],[28.58838,48.05309],[28.6008,48.07709],[28.64101,48.08571],[28.52637,48.12362],[28.4975,48.11014],[28.49295,48.07609],[28.50043,48.06515],[28.46425,48.07419],[28.43993,48.09474],[28.42292,48.12276],[28.44215,48.14175],[28.42999,48.17088],[28.38744,48.17514],[28.35455,48.13621],[28.32475,48.13155],[28.30819,48.13819],[28.30976,48.16112],[28.35424,48.18072],[28.37038,48.20315],[28.36888,48.22949],[28.35343,48.24658],[28.32418,48.23216],[28.30343,48.23949],[28.20821,48.2032],[28.18783,48.21529],[28.18801,48.25003],[28.16516,48.25962],[28.1447,48.26011],[28.13561,48.24423],[28.1099,48.2311],[28.09015,48.2334],[28.08118,48.2484],[28.09451,48.29448],[28.0727,48.31835],[27.96156,48.32501],[27.88439,48.37041],[27.87217,48.40424],[27.82168,48.41918],[27.76412,48.45452],[27.74286,48.45698],[27.65518,48.44022],[27.58047,48.46566],[27.57576,48.48858],[27.59937,48.5513],[27.62411,48.55795],[27.62894,48.56682],[27.62572,48.57793],[27.59662,48.5951],[27.60585,48.62349],[27.66581,48.65248],[27.68491,48.6793],[27.65489,48.78429],[27.66076,48.79974],[27.70592,48.82048],[27.69442,48.87241],[27.66082,48.90954],[27.66145,48.92293],[27.68004,48.9325],[27.69095,49.00013],[27.68655,49.03164],[27.69771,49.05685],[27.71673,49.06346],[27.73334,49.05601],[27.75041,49.02247],[27.77019,49.01161],[27.79803,49.01392],[27.81346,49.04229],[27.86529,49.05231],[27.87306,49.04528],[27.87733,49.01761],[27.89707,49.01059],[27.92244,49.03351],[27.9302,48.99948],[27.95557,48.9954],[27.98059,49.00197],[28.06019,48.98717],[28.10564,48.98847],[28.18073,49.00036],[28.20596,49.03773],[28.27166,49.05207],[28.27915,49.06339],[28.32759,49.0757],[28.3254,49.06641],[28.33723,49.04709],[28.37844,49.04127],[28.39245,49.03123],[28.48486,49.03332],[28.51115,49.02026],[28.53167,49.02651],[28.57399,49.0011],[28.58019,49.01649],[28.59046,49.01961],[28.60228,49.00797],[28.61119,49.01518],[28.6631,49.02098],[28.67301,49.00096],[28.65871,48.98789],[28.66416,48.97538],[28.68096,48.96869],[28.68486,48.9487],[28.67431,48.92631],[28.64046,48.89817],[28.67206,48.87256],[28.71985,48.87224],[28.72319,48.86201],[28.73544,48.85897],[28.78067,48.8929],[28.80722,48.90291],[28.81963,48.87082],[28.83268,48.87344],[28.83254,48.84735],[28.88104,48.84877],[28.90535,48.83496],[28.95236,48.83273],[28.97709,48.82365],[29.00076,48.83024],[28.99959,48.85657],[29.05007,48.85178],[29.05193,48.87082],[29.07778,48.87896],[29.14026,48.83429],[29.14611,48.81585],[29.10258,48.81563],[29.12381,48.79453],[29.12166,48.77844],[29.07937,48.77025],[29.07834,48.75687],[29.095,48.7356],[29.14906,48.72527],[29.17275,48.70663],[29.19149,48.72662],[29.2166,48.72226],[29.24251,48.70902],[29.24219,48.69745],[29.25554,48.6864],[29.30789,48.66853],[29.3178,48.62415],[29.30284,48.60254],[29.30615,48.59614],[29.31728,48.59419],[29.32062,48.57712],[29.39081,48.53083],[29.38679,48.52476],[29.40208,48.51139],[29.46981,48.49164],[29.53967,48.50543],[29.58466,48.49547],[29.6225,48.50036],[29.65285,48.49104],[29.68463,48.49214],[29.71071,48.46221],[29.75142,48.44226],[29.75375,48.43019],[29.73833,48.4184],[29.7616,48.37147],[29.78463,48.37314],[29.81172,48.36338],[29.82147,48.35481],[29.82171,48.33436],[29.86994,48.33241],[29.88657,48.32258],[29.90654,48.2927],[29.92693,48.2987],[29.9555,48.29251],[29.97728,48.27394],[29.98059,48.25389],[30.00213,48.23828],[30.00108,48.22194],[30.01627,48.21234],[30.01114,48.18995],[30.0438,48.17616],[30.06065,48.14971],[30.1158,48.1366],[30.13654,48.14347],[30.17027,48.13916],[30.20511,48.15118],[30.26297,48.13749],[30.27785,48.14445],[30.33157,48.13831],[30.33841,48.15748],[30.39331,48.17446],[30.41037,48.1625],[30.44136,48.17226],[30.47704,48.16555],[30.50254,48.16951],[30.51387,48.1547],[30.53366,48.14902],[30.55515,48.13033],[30.55138,48.11838],[30.56037,48.1118],[30.59264,48.10081],[30.60326,48.11146],[30.59096,48.12062],[30.59258,48.13104],[30.60967,48.13949],[30.63037,48.12581],[30.63909,48.10856],[30.71527,48.07941],[30.7216,48.03333],[30.72764,48.03022],[30.75177,48.04121],[30.8074,48.00614],[30.83907,48.02737],[30.85083,48.05048],[30.87473,48.03417],[30.96535,48.02446],[30.98839,48.00632],[31.02579,47.99711],[31.05188,47.96272],[31.0511,47.93455],[31.10134,47.90129],[31.13035,47.86043],[31.12041,47.83502],[31.12669,47.82597],[31.17806,47.81196],[31.19823,47.73858],[31.19067,47.72834],[31.19463,47.72071],[31.21296,47.70243],[31.25575,47.7057],[31.2723,47.68677],[31.26867,47.66891],[31.22646,47.66357],[31.22625,47.64015],[31.1984,47.63392],[31.18496,47.60724],[31.19501,47.59352],[31.29881,47.55922],[31.32852,47.53373],[31.40653,47.5338],[31.42345,47.48342],[31.43704,47.46796],[31.47635,47.45418],[31.50147,47.42856],[31.5199,47.42386],[31.52036,47.40222],[31.53002,47.39439],[31.60167,47.38086],[31.64116,47.34834],[31.67537,47.33647],[31.71757,47.33571],[31.7356,47.30456],[31.7779,47.28806],[31.74354,47.25783],[31.74464,47.22818],[31.76248,47.21275],[31.82579,47.18796],[31.84678,47.15714],[31.82341,47.14425],[31.82958,47.13219],[31.85229,47.11474],[31.87931,47.11308],[31.89182,47.09577],[31.89099,47.08122],[31.87733,47.06736],[31.85117,47.07081],[31.86317,47.05557],[31.8525,47.04501],[31.85004,47.02687],[31.88294,46.99355],[31.91029,46.99278],[31.95694,47.00862],[31.96195,47.00364],[31.95353,46.99165],[31.91189,46.95808],[31.91382,46.94001],[31.94941,46.92867],[31.98933,46.93311],[31.99768,46.91958],[31.99302,46.89992],[31.97486,46.87621],[31.99191,46.86577],[31.98912,46.85653],[31.94811,46.83366],[31.95706,46.81509],[31.94844,46.79626],[31.93282,46.79069],[31.94362,46.78254],[31.94685,46.76418],[31.93551,46.74886],[31.96605,46.72675],[31.97576,46.6972],[31.97277,46.68113],[31.98454,46.66883],[31.98684,46.65164],[31.98136,46.65868],[31.90738,46.65847],[31.88416,46.63287],[31.79926,46.60835],[31.77646,46.62194],[31.73211,46.62624],[31.67102,46.6448],[31.61628,46.64531],[31.58096,46.63101],[31.55247,46.59959],[31.48845,46.62452],[31.36907,46.62246],[31.35715,46.61509],[31.35171,46.59953],[31.29078,46.61193],[31.23622,46.60928],[31.1979,46.6239],[31.16715,46.62619],[31.0184,46.59932],[30.83944,46.55187],[30.80895,46.55793],[30.77419,46.55407],[30.7458,46.53817],[30.73042,46.50894],[30.73921,46.49253],[30.75853,46.49066],[30.76752,46.47811],[30.76494,46.462],[30.77354,46.44855],[30.75235,46.37547],[30.71346,46.35483],[30.68303,46.32369],[30.55608,46.15517],[30.44301,46.05525]]],"type":"Polygon"},"id":"1942-12-036","properties":{"Foreign_Po":"Romanian-occupied","Govt_in_Ex":"","Head_of_St":"Gheorghe Alexianu (Governor)","Name":"Transnistria","editorialFlagIds":["HA-CAUTION-HEAD-OF-STATE"],"foreignPowerCategory":"romanian_occupied","snapshotDate":"1942-12-31","sourceFeatureIndex":36,"yearMonth":"1942-12"},"type":"Feature"}],"metadata":{"regionalBbox":[19.0,43.3,34.5,52.6],"simplifyToleranceDegrees":0.005,"snapshotDate":"1942-12-31","sourceCrs":"ESRI:102013","targetCrs":"EPSG:4326","yearMonth":"1942-12"},"type":"FeatureCollection"}
